class,sha256,sample_name,source,is_malware,family,confidence,vt_detections,gt_reason,recheck_engine,recheck_family,recheck_vt_detections,recheck_note,analysis_status,error,file_path,family_corrected,family_source
benign,00002ea4413cad0dfc05648c2136d8149c12d144937abdf8b5352716c10b6fb1,00002EA4413CAD0DFC05648C2136D8149C12D144937ABDF8B5352716C10B6FB1.apk,benign_eval,no,,medium,,benign_source,virustotal,,0,confirmed_external,analyzed,,/home/kali/DroidForensix/samples/goodware/benign_eval/00002EA4413CAD0DFC05648C2136D8149C12D144937ABDF8B5352716C10B6FB1.apk,,unresolved
benign,000160700ddab3914c4a8a8f025a80aa8bee168e4784e980f0ce63396ee981d8,000160700DDAB3914C4A8A8F025A80AA8BEE168E4784E980F0CE63396EE981D8.apk,benign_eval,no,,medium,,benign_source,virustotal,,0,confirmed_external,analyzed,,/home/kali/DroidForensix/samples/goodware/benign_eval/000160700DDAB3914C4A8A8F025A80AA8BEE168E4784E980F0CE63396EE981D8.apk,,unresolved
benign,00018a5de07befd97112a72fa7850c6b0267167d61a74de16f2ae641b37a1860,00018A5DE07BEFD97112A72FA7850C6B0267167D61A74DE16F2AE641B37A1860.apk,benign_eval,no,,medium,,benign_source,virustotal,,0,confirmed_external,error: timeout after 900s,error: timeout after 900s,/home/kali/DroidForensix/samples/goodware/benign_eval/00018A5DE07BEFD97112A72FA7850C6B0267167D61A74DE16F2AE641B37A1860.apk,,unresolved
benign,0001b06d341866044de23e5205e057ef9118df2aa3249d5bce6937dad015d0d5,0001B06D341866044DE23E5205E057EF9118DF2AA3249D5BCE6937DAD015D0D5.apk,benign_eval,no,,medium,,benign_source,virustotal,,0,confirmed_external,analyzed,,/home/kali/DroidForensix/samples/goodware/benign_eval/0001B06D341866044DE23E5205E057EF9118DF2AA3249D5BCE6937DAD015D0D5.apk,,unresolved
benign,0001f6aab0d2f9b5b959f3d435163e1543ed3206816526de3e2afdd3a1485600,0001F6AAB0D2F9B5B959F3D435163E1543ED3206816526DE3E2AFDD3A1485600.apk,benign_eval,no,,medium,,benign_source,virustotal,,0,confirmed_external,analyzed,,/home/kali/DroidForensix/samples/goodware/benign_eval/0001F6AAB0D2F9B5B959F3D435163E1543ED3206816526DE3E2AFDD3A1485600.apk,,unresolved
benign,0002ca163461c26d3ea1d7384db1833d4002ca679d0ba1906494e1bb24a95896,0002CA163461C26D3EA1D7384DB1833D4002CA679D0BA1906494E1BB24A95896.apk,benign_eval,no,,medium,,benign_source,virustotal,AVE,1,confirmed_external,analyzed,,/home/kali/DroidForensix/samples/goodware/benign_eval/0002CA163461C26D3EA1D7384DB1833D4002CA679D0BA1906494E1BB24A95896.apk,AVE,vt_recheck
benign,0002ee103fad7c2eebc7e66e14faf074038103ede86339598428143d325708d4,0002EE103FAD7C2EEBC7E66E14FAF074038103EDE86339598428143D325708D4.apk,benign_eval,no,,medium,,benign_source,virustotal,,0,confirmed_external,analyzed,,/home/kali/DroidForensix/samples/goodware/benign_eval/0002EE103FAD7C2EEBC7E66E14FAF074038103EDE86339598428143D325708D4.apk,,unresolved
benign,0004ddaa01cdcb004a002f2923e666234eaa6d1f2acab4fee1db7a44aaebe21c,0004DDAA01CDCB004A002F2923E666234EAA6D1F2ACAB4FEE1DB7A44AAEBE21C.apk,benign_eval,no,,medium,,benign_source,virustotal,,0,confirmed_external,analyzed,,/home/kali/DroidForensix/samples/goodware/benign_eval/0004DDAA01CDCB004A002F2923E666234EAA6D1F2ACAB4FEE1DB7A44AAEBE21C.apk,,unresolved
benign,0005394ca712861ba3064a1aa693bc37e5092a22fa43f52ded3706ede452282f,0005394CA712861BA3064A1AA693BC37E5092A22FA43F52DED3706EDE452282F.apk,benign_eval,no,,medium,,benign_source,virustotal,,0,confirmed_external,error: timeout after 900s,error: timeout after 900s,/home/kali/DroidForensix/samples/goodware/benign_eval/0005394CA712861BA3064A1AA693BC37E5092A22FA43F52DED3706EDE452282F.apk,,unresolved
benign,00066353eca48a99661bc0bad4a3a29a009e97515aa7596a722c47ce2a769cfd,00066353ECA48A99661BC0BAD4A3A29A009E97515AA7596A722C47CE2A769CFD.apk,benign_eval,no,,medium,,benign_source,virustotal,,0,confirmed_external,analyzed,,/home/kali/DroidForensix/samples/goodware/benign_eval/00066353ECA48A99661BC0BAD4A3A29A009E97515AA7596A722C47CE2A769CFD.apk,,unresolved
benign,0006892f518a9da43ed8738e2649a18e78680b38439a451d216c672baa57d8d1,0006892F518A9DA43ED8738E2649A18E78680B38439A451D216C672BAA57D8D1.apk,benign_eval,no,,medium,,benign_source,virustotal,,0,confirmed_external,analyzed,,/home/kali/DroidForensix/samples/goodware/benign_eval/0006892F518A9DA43ED8738E2649A18E78680B38439A451D216C672BAA57D8D1.apk,,unresolved
benign,0006fc06617701f138d4a5f9f223ae6cf93dcd124f83b184797727a9939ea2c1,0006FC06617701F138D4A5F9F223AE6CF93DCD124F83B184797727A9939EA2C1.apk,benign_eval,no,,medium,,benign_source,virustotal,,0,confirmed_external,analyzed,,/home/kali/DroidForensix/samples/goodware/benign_eval/0006FC06617701F138D4A5F9F223AE6CF93DCD124F83B184797727A9939EA2C1.apk,,unresolved
benign,00071dfce730811b0a04f60ac9f72c20de682f5fb654a8ec6943ac5d0b0e944a,00071DFCE730811B0A04F60AC9F72C20DE682F5FB654A8EC6943AC5D0B0E944A.apk,benign_eval,no,,medium,,benign_source,virustotal,,0,confirmed_external,analyzed,,/home/kali/DroidForensix/samples/goodware/benign_eval/00071DFCE730811B0A04F60AC9F72C20DE682F5FB654A8EC6943AC5D0B0E944A.apk,,unresolved
benign,00079d9b9227cf55bc484898f1979a7c29016cd0032c12a27477e6140c9a6b41,00079D9B9227CF55BC484898F1979A7C29016CD0032C12A27477E6140C9A6B41.apk,benign_eval,no,,medium,,benign_source,virustotal,,0,confirmed_external,analyzed,,/home/kali/DroidForensix/samples/goodware/benign_eval/00079D9B9227CF55BC484898F1979A7C29016CD0032C12A27477E6140C9A6B41.apk,,unresolved
benign,0007a751120e9d2640a1cbf1c8cb542c793df1bc72a0ddc575dad4595dd548ec,0007A751120E9D2640A1CBF1C8CB542C793DF1BC72A0DDC575DAD4595DD548EC.apk,benign_eval,no,,medium,,benign_source,virustotal,,0,confirmed_external,analyzed,,/home/kali/DroidForensix/samples/goodware/benign_eval/0007A751120E9D2640A1CBF1C8CB542C793DF1BC72A0DDC575DAD4595DD548EC.apk,,unresolved
benign,0008067a87a7c42547279a01c782c71fbc7344ccb1fb9f526737e8b6d9c2260c,0008067A87A7C42547279A01C782C71FBC7344CCB1FB9F526737E8B6D9C2260C.apk,benign_eval,no,,medium,,benign_source,virustotal,,0,confirmed_external,analyzed,,/home/kali/DroidForensix/samples/goodware/benign_eval/0008067A87A7C42547279A01C782C71FBC7344CCB1FB9F526737E8B6D9C2260C.apk,,unresolved
benign,0009582bca97a9b0173bf0a992c417426d1d7d4e79f15f5b6f205bd2b3869884,0009582BCA97A9B0173BF0A992C417426D1D7D4E79F15F5B6F205BD2B3869884.apk,benign_eval,no,,medium,,benign_source,virustotal,,0,confirmed_external,error: timeout after 900s,error: timeout after 900s,/home/kali/DroidForensix/samples/goodware/benign_eval/0009582BCA97A9B0173BF0A992C417426D1D7D4E79F15F5B6F205BD2B3869884.apk,,unresolved
benign,000ae491c179314322821ca65782e8f81163d11df5d278a0375294c40acb7bcf,000AE491C179314322821CA65782E8F81163D11DF5D278A0375294C40ACB7BCF.apk,benign_eval,no,,medium,,benign_source,virustotal,,0,confirmed_external,error: timeout after 900s,error: timeout after 900s,/home/kali/DroidForensix/samples/goodware/benign_eval/000AE491C179314322821CA65782E8F81163D11DF5D278A0375294C40ACB7BCF.apk,,unresolved
benign,000cb0f71b70dfa37ff0a009d7f9d632264fd66764ca2a0d966466e73c7fd816,000CB0F71B70DFA37FF0A009D7F9D632264FD66764CA2A0D966466E73C7FD816.apk,benign_eval,no,,medium,,benign_source,virustotal,,0,confirmed_external,analyzed,,/home/kali/DroidForensix/samples/goodware/benign_eval/000CB0F71B70DFA37FF0A009D7F9D632264FD66764CA2A0D966466E73C7FD816.apk,,unresolved
benign,000d238624934b4090223328c21c0f4161f441c97573c5f0b9f01726567d9ab4,000D238624934B4090223328C21C0F4161F441C97573C5F0B9F01726567D9AB4.apk,benign_eval,no,,medium,,benign_source,virustotal,,0,confirmed_external,analyzed,,/home/kali/DroidForensix/samples/goodware/benign_eval/000D238624934B4090223328C21C0F4161F441C97573C5F0B9F01726567D9AB4.apk,,unresolved
benign,000d6ee8b17e757cd47762f69dca029b45951a817f34cbf3910807de3fa313d6,000D6EE8B17E757CD47762F69DCA029B45951A817F34CBF3910807DE3FA313D6.apk,benign_eval,no,,medium,,benign_source,virustotal,,0,confirmed_external,analyzed,,/home/kali/DroidForensix/samples/goodware/benign_eval/000D6EE8B17E757CD47762F69DCA029B45951A817F34CBF3910807DE3FA313D6.apk,,unresolved
benign,000ec809d667f39b92fa8e0a017f88e6bc6af47e86ef523b1715da6473df5b9f,000EC809D667F39B92FA8E0A017F88E6BC6AF47E86EF523B1715DA6473DF5B9F.apk,benign_eval,no,,medium,,benign_source,virustotal,,0,confirmed_external,analyzed,,/home/kali/DroidForensix/samples/goodware/benign_eval/000EC809D667F39B92FA8E0A017F88E6BC6AF47E86EF523B1715DA6473DF5B9F.apk,,unresolved
benign,000f12135b66137221358c7e33a773a170af1c7ec5f1aec898233694f6233b05,000F12135B66137221358C7E33A773A170AF1C7EC5F1AEC898233694F6233B05.apk,benign_eval,no,,medium,,benign_source,virustotal,,0,confirmed_external,analyzed,,/home/kali/DroidForensix/samples/goodware/benign_eval/000F12135B66137221358C7E33A773A170AF1C7EC5F1AEC898233694F6233B05.apk,,unresolved
benign,001061367282761708c6303e1dedfca6bc18c6ef3150f547425eb0a2c6a402c8,001061367282761708C6303E1DEDFCA6BC18C6EF3150F547425EB0A2C6A402C8.apk,benign_eval,no,,medium,,benign_source,virustotal,,0,confirmed_external,analyzed,,/home/kali/DroidForensix/samples/goodware/benign_eval/001061367282761708C6303E1DEDFCA6BC18C6EF3150F547425EB0A2C6A402C8.apk,,unresolved
benign,0010f7867d28539c1a89d35deddc910f378f44586a0ea1bfcea2c004981abae1,0010F7867D28539C1A89D35DEDDC910F378F44586A0EA1BFCEA2C004981ABAE1.apk,benign_eval,no,,medium,,benign_source,virustotal,,0,confirmed_external,error: Pipeline finished but produced no result,error: Pipeline finished but produced no result,/home/kali/DroidForensix/samples/goodware/benign_eval/0010F7867D28539C1A89D35DEDDC910F378F44586A0EA1BFCEA2C004981ABAE1.apk,,unresolved
benign,0011135860f3c1f50a6960472e5a6ed3161a94800791b3f1a8b0df3c7f5b7697,0011135860F3C1F50A6960472E5A6ED3161A94800791B3F1A8B0DF3C7F5B7697.apk,benign_eval,no,,medium,,benign_source,virustotal,,0,confirmed_external,error: timeout after 900s,error: timeout after 900s,/home/kali/DroidForensix/samples/goodware/benign_eval/0011135860F3C1F50A6960472E5A6ED3161A94800791B3F1A8B0DF3C7F5B7697.apk,,unresolved
benign,00112bb0b3a4ca8ae3cae96ff750bf5279e5d80825d4abfff63a8a6381586f37,00112BB0B3A4CA8AE3CAE96FF750BF5279E5D80825D4ABFFF63A8A6381586F37.apk,benign_eval,no,,medium,,benign_source,virustotal,,0,confirmed_external,error: timeout after 900s,error: timeout after 900s,/home/kali/DroidForensix/samples/goodware/benign_eval/00112BB0B3A4CA8AE3CAE96FF750BF5279E5D80825D4ABFFF63A8A6381586F37.apk,,unresolved
benign,00116ca636ef6d3067a5d25fb5dd493f06cefde9c6ba80f2c2f3f371050323be,00116CA636EF6D3067A5D25FB5DD493F06CEFDE9C6BA80F2C2F3F371050323BE.apk,benign_eval,no,,medium,,benign_source,virustotal,,0,confirmed_external,"error: Step 4 (Payload Decoding) failed: UnicodeEncodeError: 'utf-8' codec can't encode character '\ud978' in position 610: surrogates not allowed

Check:
  1. Is the APK valid? Try: python -m analysis.pipeline <apk> --skip-step=4
  2. Is there enough disk space? Pipeline requires ~500MB temporary space
  3. For configuration issues, check backend/config.py",error: Step 4 (Payload Decoding) failed: UnicodeEn,/home/kali/DroidForensix/samples/goodware/benign_eval/00116CA636EF6D3067A5D25FB5DD493F06CEFDE9C6BA80F2C2F3F371050323BE.apk,,unresolved
benign,001196437b56bf9cce0dae194e844492c8f45550b7ef90bd990b8d8c3082e905,001196437B56BF9CCE0DAE194E844492C8F45550B7EF90BD990B8D8C3082E905.apk,benign_eval,no,,medium,,benign_source,virustotal,,0,confirmed_external,analyzed,,/home/kali/DroidForensix/samples/goodware/benign_eval/001196437B56BF9CCE0DAE194E844492C8F45550B7EF90BD990B8D8C3082E905.apk,,unresolved
benign,0012260a8f06a02fc0537f74d35d17b7b1adf34efb78e470955b18554b4bc072,0012260A8F06A02FC0537F74D35D17B7B1ADF34EFB78E470955B18554B4BC072.apk,benign_eval,no,,medium,,benign_source,virustotal,,0,confirmed_external,analyzed,,/home/kali/DroidForensix/samples/goodware/benign_eval/0012260A8F06A02FC0537F74D35D17B7B1ADF34EFB78E470955B18554B4BC072.apk,,unresolved
benign,00142796a7de7a8fa2fcfe59e41d021d53e98ff14670d89503a9631654b228d4,00142796A7DE7A8FA2FCFE59E41D021D53E98FF14670D89503A9631654B228D4.apk,benign_eval,no,,medium,,benign_source,virustotal,,0,confirmed_external,error: timeout after 900s,error: timeout after 900s,/home/kali/DroidForensix/samples/goodware/benign_eval/00142796A7DE7A8FA2FCFE59E41D021D53E98FF14670D89503A9631654B228D4.apk,,unresolved
benign,0014eab602a8cc6feec52ca0bfc1d24dc928a35bdad6de2ea37146460c5587dc,0014EAB602A8CC6FEEC52CA0BFC1D24DC928A35BDAD6DE2EA37146460C5587DC.apk,benign_eval,no,,medium,,benign_source,virustotal,,0,confirmed_external,analyzed,,/home/kali/DroidForensix/samples/goodware/benign_eval/0014EAB602A8CC6FEEC52CA0BFC1D24DC928A35BDAD6DE2EA37146460C5587DC.apk,,unresolved
benign,00150a71a5cf8fa9ef04a997bcfeb0f5bedaa1d473ca53367de8b03f21093c62,00150A71A5CF8FA9EF04A997BCFEB0F5BEDAA1D473CA53367DE8B03F21093C62.apk,benign_eval,no,,medium,,benign_source,virustotal,,0,confirmed_external,analyzed,,/home/kali/DroidForensix/samples/goodware/benign_eval/00150A71A5CF8FA9EF04A997BCFEB0F5BEDAA1D473CA53367DE8B03F21093C62.apk,,unresolved
benign,00159a864f4aa4c343e7a3411186bce572b1fdacd87ca4bbb4349207d8d95ec3,00159A864F4AA4C343E7A3411186BCE572B1FDACD87CA4BBB4349207D8D95EC3.apk,benign_eval,no,,medium,,benign_source,virustotal,,0,confirmed_external,error: timeout after 900s,error: timeout after 900s,/home/kali/DroidForensix/samples/goodware/benign_eval/00159A864F4AA4C343E7A3411186BCE572B1FDACD87CA4BBB4349207D8D95EC3.apk,,unresolved
benign,0015e059d7caef20a4f3e1b8ab6b88fb7a02d1d6ee952b6396b53f5c9c4d35fa,0015E059D7CAEF20A4F3E1B8AB6B88FB7A02D1D6EE952B6396B53F5C9C4D35FA.apk,benign_eval,no,,medium,,benign_source,virustotal,,0,confirmed_external,analyzed,,/home/kali/DroidForensix/samples/goodware/benign_eval/0015E059D7CAEF20A4F3E1B8AB6B88FB7A02D1D6EE952B6396B53F5C9C4D35FA.apk,,unresolved
benign,0017288b5baca5108efb77a2d98cb46812aff622fb323f226f6b51fde520a50a,0017288B5BACA5108EFB77A2D98CB46812AFF622FB323F226F6B51FDE520A50A.apk,benign_eval,no,,medium,,benign_source,virustotal,,0,confirmed_external,analyzed,,/home/kali/DroidForensix/samples/goodware/benign_eval/0017288B5BACA5108EFB77A2D98CB46812AFF622FB323F226F6B51FDE520A50A.apk,,unresolved
benign,001757b90ef6270e5e4f1149fdb00e18d0ed3f5ff89d96dfbedd02b447623e26,001757B90EF6270E5E4F1149FDB00E18D0ED3F5FF89D96DFBEDD02B447623E26.apk,benign_eval,no,,medium,,benign_source,virustotal,,0,confirmed_external,analyzed,,/home/kali/DroidForensix/samples/goodware/benign_eval/001757B90EF6270E5E4F1149FDB00E18D0ED3F5FF89D96DFBEDD02B447623E26.apk,,unresolved
benign,001b0d5bf38e607fbe8d7170d020a60941aee7fdc05d395a52b39f92c81c9ce6,001B0D5BF38E607FBE8D7170D020A60941AEE7FDC05D395A52B39F92C81C9CE6.apk,benign_eval,no,,medium,,benign_source,virustotal,,0,confirmed_external,analyzed,,/home/kali/DroidForensix/samples/goodware/benign_eval/001B0D5BF38E607FBE8D7170D020A60941AEE7FDC05D395A52B39F92C81C9CE6.apk,,unresolved
benign,001b949114c2309f7123871033b1d0ce81294f99afb74fa688892a44b7be30f3,001B949114C2309F7123871033B1D0CE81294F99AFB74FA688892A44B7BE30F3.apk,benign_eval,no,,medium,,benign_source,virustotal,,0,confirmed_external,error: timeout after 900s,error: timeout after 900s,/home/kali/DroidForensix/samples/goodware/benign_eval/001B949114C2309F7123871033B1D0CE81294F99AFB74FA688892A44B7BE30F3.apk,,unresolved
benign,001bfa3aac16c47bc8c0d0a45eaa048cbfee53c8394fdfb5c2493e50ec22e8b3,001BFA3AAC16C47BC8C0D0A45EAA048CBFEE53C8394FDFB5C2493E50EC22E8B3.apk,benign_eval,no,,medium,,benign_source,virustotal,,0,confirmed_external,analyzed,,/home/kali/DroidForensix/samples/goodware/benign_eval/001BFA3AAC16C47BC8C0D0A45EAA048CBFEE53C8394FDFB5C2493E50EC22E8B3.apk,,unresolved
benign,001cc622ba7c1133efe45ef4802094caaa95bbbbfb3e81201d48b22a6c9ff146,001CC622BA7C1133EFE45EF4802094CAAA95BBBBFB3E81201D48B22A6C9FF146.apk,benign_eval,no,,medium,,benign_source,virustotal,,0,confirmed_external,error: timeout after 900s,error: timeout after 900s,/home/kali/DroidForensix/samples/goodware/benign_eval/001CC622BA7C1133EFE45EF4802094CAAA95BBBBFB3E81201D48B22A6C9FF146.apk,,unresolved
benign,001d70e9bfc1b7ce1922924357da7e0338afad283c9ff8d2befb1f74a384e9be,001D70E9BFC1B7CE1922924357DA7E0338AFAD283C9FF8D2BEFB1F74A384E9BE.apk,benign_eval,no,,medium,,benign_source,virustotal,,0,confirmed_external,analyzed,,/home/kali/DroidForensix/samples/goodware/benign_eval/001D70E9BFC1B7CE1922924357DA7E0338AFAD283C9FF8D2BEFB1F74A384E9BE.apk,,unresolved
benign,001db967fe358205141755eecc18daf0a3b81981002d916209632cb1bd89b52d,001DB967FE358205141755EECC18DAF0A3B81981002D916209632CB1BD89B52D.apk,benign_eval,no,,medium,,benign_source,virustotal,,0,confirmed_external,analyzed,,/home/kali/DroidForensix/samples/goodware/benign_eval/001DB967FE358205141755EECC18DAF0A3B81981002D916209632CB1BD89B52D.apk,,unresolved
benign,001df5ba2b2a3ba905ecf79017185f4ca2d83b8aac15bb638e21d6dd6a4e3b56,001DF5BA2B2A3BA905ECF79017185F4CA2D83B8AAC15BB638E21D6DD6A4E3B56.apk,benign_eval,no,,medium,,benign_source,virustotal,121218,1,confirmed_external,analyzed,,/home/kali/DroidForensix/samples/goodware/benign_eval/001DF5BA2B2A3BA905ECF79017185F4CA2D83B8AAC15BB638E21D6DD6A4E3B56.apk,121218,vt_recheck
benign,001e978eb716318bcfa06bbb424f3f177056c3b346b5b1b1ebb0f3c2cf11b0b3,001E978EB716318BCFA06BBB424F3F177056C3B346B5B1B1EBB0F3C2CF11B0B3.apk,benign_eval,no,,medium,,benign_source,virustotal,,0,confirmed_external,error: Pipeline process exited with code -9,error: Pipeline process exited with code -9,/home/kali/DroidForensix/samples/goodware/benign_eval/001E978EB716318BCFA06BBB424F3F177056C3B346B5B1B1EBB0F3C2CF11B0B3.apk,,unresolved
benign,001ed8463d7aecd120057b0f73ff1b732a90469c952ee8cafa9de94b19033e90,001ED8463D7AECD120057B0F73FF1B732A90469C952EE8CAFA9DE94B19033E90.apk,benign_eval,no,,medium,,benign_source,virustotal,,0,confirmed_external,error: timeout after 900s,error: timeout after 900s,/home/kali/DroidForensix/samples/goodware/benign_eval/001ED8463D7AECD120057B0F73FF1B732A90469C952EE8CAFA9DE94B19033E90.apk,,unresolved
benign,001edab5b63b6a94cda6811186240977b28b1b7ce0b1a4ad33af15b4457e6981,001EDAB5B63B6A94CDA6811186240977B28B1B7CE0B1A4AD33AF15B4457E6981.apk,benign_eval,no,,medium,,benign_source,virustotal,,0,confirmed_external,error: timeout after 900s,error: timeout after 900s,/home/kali/DroidForensix/samples/goodware/benign_eval/001EDAB5B63B6A94CDA6811186240977B28B1B7CE0B1A4AD33AF15B4457E6981.apk,,unresolved
benign,0021399f0bd9c43af4171f4239229d170b455054c2500fbbff8c0558b60f3287,0021399F0BD9C43AF4171F4239229D170B455054C2500FBBFF8C0558B60F3287.apk,benign_eval,no,,medium,,benign_source,virustotal,,0,confirmed_external,analyzed,,/home/kali/DroidForensix/samples/goodware/benign_eval/0021399F0BD9C43AF4171F4239229D170B455054C2500FBBFF8C0558B60F3287.apk,,unresolved
benign,0021bbab8f6952ed60875a25710b616e587d8a41db4a6c2d9697c09e552a04f9,0021BBAB8F6952ED60875A25710B616E587D8A41DB4A6C2D9697C09E552A04F9.apk,benign_eval,no,,medium,,benign_source,virustotal,,0,confirmed_external,"error: Step 4 (Payload Decoding) failed: UnicodeEncodeError: 'utf-8' codec can't encode character '\ude7f' in position 52: surrogates not allowed

Check:
  1. Is the APK valid? Try: python -m analysis.pipeline <apk> --skip-step=4
  2. Is there enough disk space? Pipeline requires ~500MB temporary space
  3. For configuration issues, check backend/config.py",error: Step 4 (Payload Decoding) failed: UnicodeEn,/home/kali/DroidForensix/samples/goodware/benign_eval/0021BBAB8F6952ED60875A25710B616E587D8A41DB4A6C2D9697C09E552A04F9.apk,,unresolved
benign,0023db2190b1f568374820a9e89169962d02961d67584dfd90acaf20170b5e15,0023DB2190B1F568374820A9E89169962D02961D67584DFD90ACAF20170B5E15.apk,benign_eval,no,,medium,,benign_source,virustotal,,0,confirmed_external,analyzed,,/home/kali/DroidForensix/samples/goodware/benign_eval/0023DB2190B1F568374820A9E89169962D02961D67584DFD90ACAF20170B5E15.apk,,unresolved
benign,0024220a0796c83417f5ff5a7cc464cb90991839748bdca4a2dd84865da483d3,0024220A0796C83417F5FF5A7CC464CB90991839748BDCA4A2DD84865DA483D3.apk,benign_eval,no,,medium,,benign_source,virustotal,,0,confirmed_external,error: timeout after 900s,error: timeout after 900s,/home/kali/DroidForensix/samples/goodware/benign_eval/0024220A0796C83417F5FF5A7CC464CB90991839748BDCA4A2DD84865DA483D3.apk,,unresolved
benign,002488fdb00d46766e7fdedb370e47c910070406d790ad46d8848838d37e9734,002488FDB00D46766E7FDEDB370E47C910070406D790AD46D8848838D37E9734.apk,benign_eval,no,,medium,,benign_source,virustotal,,0,confirmed_external,analyzed,,/home/kali/DroidForensix/samples/goodware/benign_eval/002488FDB00D46766E7FDEDB370E47C910070406D790AD46D8848838D37E9734.apk,,unresolved
benign,0029397fe508c0d2996967e785e1a87c759b1fb4a4815bb121e26013f96cfa7c,0029397FE508C0D2996967E785E1A87C759B1FB4A4815BB121E26013F96CFA7C.apk,benign_eval,no,,medium,,benign_source,virustotal,,0,confirmed_external,analyzed,,/home/kali/DroidForensix/samples/goodware/benign_eval/0029397FE508C0D2996967E785E1A87C759B1FB4A4815BB121E26013F96CFA7C.apk,,unresolved
benign,002b51f59b91796c3299d2302c1cb12edd04f92f481ad2cad7b6fc867c52b803,002B51F59B91796C3299D2302C1CB12EDD04F92F481AD2CAD7B6FC867C52B803.apk,benign_eval,no,,medium,,benign_source,virustotal,,0,confirmed_external,analyzed,,/home/kali/DroidForensix/samples/goodware/benign_eval/002B51F59B91796C3299D2302C1CB12EDD04F92F481AD2CAD7B6FC867C52B803.apk,,unresolved
benign,002c0fd93061c27ea04e1aeb920fe13f2066eef93b7d66141a6935e8ae9d4c2a,002C0FD93061C27EA04E1AEB920FE13F2066EEF93B7D66141A6935E8AE9D4C2A.apk,benign_eval,no,,medium,,benign_source,virustotal,,0,confirmed_external,analyzed,,/home/kali/DroidForensix/samples/goodware/benign_eval/002C0FD93061C27EA04E1AEB920FE13F2066EEF93B7D66141A6935E8AE9D4C2A.apk,,unresolved
benign,002c8f78aef3807f7dda37ca500d2aac3d546d6820f40fc704938503071bed6c,002C8F78AEF3807F7DDA37CA500D2AAC3D546D6820F40FC704938503071BED6C.apk,benign_eval,no,,medium,,benign_source,virustotal,,0,confirmed_external,analyzed,,/home/kali/DroidForensix/samples/goodware/benign_eval/002C8F78AEF3807F7DDA37CA500D2AAC3D546D6820F40FC704938503071BED6C.apk,,unresolved
benign,002d60bcc9a0661ad269e5f74f85e805868dfe9168a956e4c09602926c684bc8,002D60BCC9A0661AD269E5F74F85E805868DFE9168A956E4C09602926C684BC8.apk,benign_eval,no,,medium,,benign_source,virustotal,,0,confirmed_external,analyzed,,/home/kali/DroidForensix/samples/goodware/benign_eval/002D60BCC9A0661AD269E5F74F85E805868DFE9168A956E4C09602926C684BC8.apk,,unresolved
benign,002f1e33a714cd3434a27dec2d09acc4d0b9602560f13ff6a3d30c3ce32a3d8d,002F1E33A714CD3434A27DEC2D09ACC4D0B9602560F13FF6A3D30C3CE32A3D8D.apk,benign_eval,no,,medium,,benign_source,virustotal,,0,confirmed_external,error: timeout after 900s,error: timeout after 900s,/home/kali/DroidForensix/samples/goodware/benign_eval/002F1E33A714CD3434A27DEC2D09ACC4D0B9602560F13FF6A3D30C3CE32A3D8D.apk,,unresolved
benign,002f70a01b148e9c2988a4b7f4bbffe9aa62c4a289992b23edbe1484723b6e4b,002F70A01B148E9C2988A4B7F4BBFFE9AA62C4A289992B23EDBE1484723B6E4B.apk,benign_eval,no,,medium,,benign_source,virustotal,,0,confirmed_external,analyzed,,/home/kali/DroidForensix/samples/goodware/benign_eval/002F70A01B148E9C2988A4B7F4BBFFE9AA62C4A289992B23EDBE1484723B6E4B.apk,,unresolved
benign,002f7674f8639a8d861dcb083493e08bbcfffb93af22ddd8fcc7ff7acf9fde7c,002F7674F8639A8D861DCB083493E08BBCFFFB93AF22DDD8FCC7FF7ACF9FDE7C.apk,benign_eval,no,,medium,,benign_source,virustotal,,0,confirmed_external,analyzed,,/home/kali/DroidForensix/samples/goodware/benign_eval/002F7674F8639A8D861DCB083493E08BBCFFFB93AF22DDD8FCC7FF7ACF9FDE7C.apk,,unresolved
benign,0030186a2dd5c34481daa256f804a696032815d5bdf6e70f27cc543997e8e322,0030186A2DD5C34481DAA256F804A696032815D5BDF6E70F27CC543997E8E322.apk,benign_eval,no,,medium,,benign_source,virustotal,,0,confirmed_external,analyzed,,/home/kali/DroidForensix/samples/goodware/benign_eval/0030186A2DD5C34481DAA256F804A696032815D5BDF6E70F27CC543997E8E322.apk,,unresolved
benign,003021fb6c914b7429ab0e9eafafc4fe60217267d7dfbf5abbf52ccdd6a9cd57,003021FB6C914B7429AB0E9EAFAFC4FE60217267D7DFBF5ABBF52CCDD6A9CD57.apk,benign_eval,no,,medium,,benign_source,virustotal,,0,confirmed_external,analyzed,,/home/kali/DroidForensix/samples/goodware/benign_eval/003021FB6C914B7429AB0E9EAFAFC4FE60217267D7DFBF5ABBF52CCDD6A9CD57.apk,,unresolved
benign,00316eb4c29de78f4f636137793b4fbad0faada909c7836f2e3d218a78249f3a,00316EB4C29DE78F4F636137793B4FBAD0FAADA909C7836F2E3D218A78249F3A.apk,benign_eval,no,,medium,,benign_source,virustotal,,0,confirmed_external,analyzed,,/home/kali/DroidForensix/samples/goodware/benign_eval/00316EB4C29DE78F4F636137793B4FBAD0FAADA909C7836F2E3D218A78249F3A.apk,,unresolved
benign,0032a2a6c319a6118b3bc9ae71308d17648c2b414e417c351b847fc51f18e199,0032A2A6C319A6118B3BC9AE71308D17648C2B414E417C351B847FC51F18E199.apk,benign_eval,no,,medium,,benign_source,virustotal,,0,confirmed_external,analyzed,,/home/kali/DroidForensix/samples/goodware/benign_eval/0032A2A6C319A6118B3BC9AE71308D17648C2B414E417C351B847FC51F18E199.apk,,unresolved
benign,0032fd3dd6142d41164923f864f10641e19986b9dbbaa860ce2f028d50e3ec4b,0032FD3DD6142D41164923F864F10641E19986B9DBBAA860CE2F028D50E3EC4B.apk,benign_eval,no,,medium,,benign_source,virustotal,,0,confirmed_external,analyzed,,/home/kali/DroidForensix/samples/goodware/benign_eval/0032FD3DD6142D41164923F864F10641E19986B9DBBAA860CE2F028D50E3EC4B.apk,,unresolved
benign,00333b541b92d973f3116b342cae094fa9cda7340c6edab2684eb8ebe92aa598,00333B541B92D973F3116B342CAE094FA9CDA7340C6EDAB2684EB8EBE92AA598.apk,benign_eval,no,,medium,,benign_source,virustotal,,0,confirmed_external,analyzed,,/home/kali/DroidForensix/samples/goodware/benign_eval/00333B541B92D973F3116B342CAE094FA9CDA7340C6EDAB2684EB8EBE92AA598.apk,,unresolved
benign,0033e6dc583889c967f4aafc3f1616ff1c8275c581291fd3da91eeb827ba9549,0033E6DC583889C967F4AAFC3F1616FF1C8275C581291FD3DA91EEB827BA9549.apk,benign_eval,no,,medium,,benign_source,virustotal,,0,confirmed_external,analyzed,,/home/kali/DroidForensix/samples/goodware/benign_eval/0033E6DC583889C967F4AAFC3F1616FF1C8275C581291FD3DA91EEB827BA9549.apk,,unresolved
benign,003427e5f437a90bb0946b3c4eb4bb9c4a798710c411188569b008fef590bf18,003427E5F437A90BB0946B3C4EB4BB9C4A798710C411188569B008FEF590BF18.apk,benign_eval,no,,medium,,benign_source,virustotal,,0,confirmed_external,analyzed,,/home/kali/DroidForensix/samples/goodware/benign_eval/003427E5F437A90BB0946B3C4EB4BB9C4A798710C411188569B008FEF590BF18.apk,,unresolved
benign,0036056c6216c1e1c0a75c3193bc4b59c226943817ec20368a2584143782a849,0036056C6216C1E1C0A75C3193BC4B59C226943817EC20368A2584143782A849.apk,benign_eval,no,,medium,,benign_source,virustotal,,0,confirmed_external,analyzed,,/home/kali/DroidForensix/samples/goodware/benign_eval/0036056C6216C1E1C0A75C3193BC4B59C226943817EC20368A2584143782A849.apk,,unresolved
benign,00371e73717fa4e591837651e5e9908fa032ac91e203b296b1386bbe98c04590,00371E73717FA4E591837651E5E9908FA032AC91E203B296B1386BBE98C04590.apk,benign_eval,no,,medium,,benign_source,virustotal,,0,confirmed_external,analyzed,,/home/kali/DroidForensix/samples/goodware/benign_eval/00371E73717FA4E591837651E5E9908FA032AC91E203B296B1386BBE98C04590.apk,,unresolved
benign,00379277cf51513cfd843d1fc2d87de09ee4e0be9e7f1665b51e5a9230f1796b,00379277CF51513CFD843D1FC2D87DE09EE4E0BE9E7F1665B51E5A9230F1796B.apk,benign_eval,no,,medium,,benign_source,virustotal,,0,confirmed_external,analyzed,,/home/kali/DroidForensix/samples/goodware/benign_eval/00379277CF51513CFD843D1FC2D87DE09EE4E0BE9E7F1665B51E5A9230F1796B.apk,,unresolved
benign,0037c2a401ad6118ab567bf6ff26d0f4c95c98f7be1afb504a0d6f86a13035bd,0037C2A401AD6118AB567BF6FF26D0F4C95C98F7BE1AFB504A0D6F86A13035BD.apk,benign_eval,no,,medium,,benign_source,virustotal,,0,confirmed_external,analyzed,,/home/kali/DroidForensix/samples/goodware/benign_eval/0037C2A401AD6118AB567BF6FF26D0F4C95C98F7BE1AFB504A0D6F86A13035BD.apk,,unresolved
benign,0038b79fdde84271bbe784ee90f305e3ed68e7e89bb35c17d74c36b813503041,0038B79FDDE84271BBE784EE90F305E3ED68E7E89BB35C17D74C36B813503041.apk,benign_eval,no,,medium,,benign_source,virustotal,,0,confirmed_external,analyzed,,/home/kali/DroidForensix/samples/goodware/benign_eval/0038B79FDDE84271BBE784EE90F305E3ED68E7E89BB35C17D74C36B813503041.apk,,unresolved
benign,0039d5ab4eed4d4f1062974b70303b2f86998e425ebab554aae368f849a43599,0039D5AB4EED4D4F1062974B70303B2F86998E425EBAB554AAE368F849A43599.apk,benign_eval,no,,medium,,benign_source,virustotal,,0,confirmed_external,analyzed,,/home/kali/DroidForensix/samples/goodware/benign_eval/0039D5AB4EED4D4F1062974B70303B2F86998E425EBAB554AAE368F849A43599.apk,,unresolved
benign,0039db66711d02ddc1a55668b78c54434964b3d0941ade3669128bc5c50fb7c3,0039DB66711D02DDC1A55668B78C54434964B3D0941ADE3669128BC5C50FB7C3.apk,benign_eval,no,,medium,,benign_source,virustotal,,0,confirmed_external,error: timeout after 900s,error: timeout after 900s,/home/kali/DroidForensix/samples/goodware/benign_eval/0039DB66711D02DDC1A55668B78C54434964B3D0941ADE3669128BC5C50FB7C3.apk,,unresolved
benign,003a909a1b142af39fc9fe4705747bc36f01125d3d1164221e6257ffd1607173,003A909A1B142AF39FC9FE4705747BC36F01125D3D1164221E6257FFD1607173.apk,benign_eval,no,,medium,,benign_source,virustotal,,0,confirmed_external,analyzed,,/home/kali/DroidForensix/samples/goodware/benign_eval/003A909A1B142AF39FC9FE4705747BC36F01125D3D1164221E6257FFD1607173.apk,,unresolved
benign,003be119da29d0752ee117105e9b92a8207e21da82cea2e2bd84e30217a8e675,003BE119DA29D0752EE117105E9B92A8207E21DA82CEA2E2BD84E30217A8E675.apk,benign_eval,no,,medium,,benign_source,virustotal,,0,confirmed_external,analyzed,,/home/kali/DroidForensix/samples/goodware/benign_eval/003BE119DA29D0752EE117105E9B92A8207E21DA82CEA2E2BD84E30217A8E675.apk,,unresolved
benign,003c21ab143a69ffa42bc4110a23b17f2f6cbcda8248f70fd3db523a331ca549,003C21AB143A69FFA42BC4110A23B17F2F6CBCDA8248F70FD3DB523A331CA549.apk,benign_eval,no,,medium,,benign_source,virustotal,,0,confirmed_external,"error: Step 4 (Payload Decoding) failed: UnicodeEncodeError: 'utf-8' codec can't encode character '\ud891' in position 400: surrogates not allowed

Check:
  1. Is the APK valid? Try: python -m analysis.pipeline <apk> --skip-step=4
  2. Is there enough disk space? Pipeline requires ~500MB temporary space
  3. For configuration issues, check backend/config.py",error: Step 4 (Payload Decoding) failed: UnicodeEn,/home/kali/DroidForensix/samples/goodware/benign_eval/003C21AB143A69FFA42BC4110A23B17F2F6CBCDA8248F70FD3DB523A331CA549.apk,,unresolved
benign,003c9726585222bce93805918a06e08ffb715f7775004047de402317521d7305,003C9726585222BCE93805918A06E08FFB715F7775004047DE402317521D7305.apk,benign_eval,no,,medium,,benign_source,virustotal,,0,confirmed_external,analyzed,,/home/kali/DroidForensix/samples/goodware/benign_eval/003C9726585222BCE93805918A06E08FFB715F7775004047DE402317521D7305.apk,,unresolved
benign,003d5eafa4d0b58c8bc9f43543e63ec58d2cf427efd9742076be0cb0d6c8d3f7,003D5EAFA4D0B58C8BC9F43543E63EC58D2CF427EFD9742076BE0CB0D6C8D3F7.apk,benign_eval,no,,medium,,benign_source,virustotal,,0,confirmed_external,error: Pipeline process exited with code -9,error: Pipeline process exited with code -9,/home/kali/DroidForensix/samples/goodware/benign_eval/003D5EAFA4D0B58C8BC9F43543E63EC58D2CF427EFD9742076BE0CB0D6C8D3F7.apk,,unresolved
benign,003dd5ff46a9980a137092d13d957881974e4369560cabc2e002a956cafa7680,003DD5FF46A9980A137092D13D957881974E4369560CABC2E002A956CAFA7680.apk,benign_eval,no,,medium,,benign_source,virustotal,,0,confirmed_external,analyzed,,/home/kali/DroidForensix/samples/goodware/benign_eval/003DD5FF46A9980A137092D13D957881974E4369560CABC2E002A956CAFA7680.apk,,unresolved
benign,003ede745544270210f826edf3266510bf835cde67fa5df2ac7470008bd233b0,003EDE745544270210F826EDF3266510BF835CDE67FA5DF2AC7470008BD233B0.apk,benign_eval,no,,medium,,benign_source,virustotal,,0,confirmed_external,analyzed,,/home/kali/DroidForensix/samples/goodware/benign_eval/003EDE745544270210F826EDF3266510BF835CDE67FA5DF2AC7470008BD233B0.apk,,unresolved
benign,00415d1540666097c80ec6983127ed85b4fff944e980a2a5bdaedf8f8bd4012f,00415D1540666097C80EC6983127ED85B4FFF944E980A2A5BDAEDF8F8BD4012F.apk,benign_eval,no,,medium,,benign_source,virustotal,,0,confirmed_external,analyzed,,/home/kali/DroidForensix/samples/goodware/benign_eval/00415D1540666097C80EC6983127ED85B4FFF944E980A2A5BDAEDF8F8BD4012F.apk,,unresolved
benign,0041690db92fe11f864977fd0a83230acb4c210a347d2eca3120f9bccb4eac75,0041690DB92FE11F864977FD0A83230ACB4C210A347D2ECA3120F9BCCB4EAC75.apk,benign_eval,no,,medium,,benign_source,virustotal,,0,confirmed_external,analyzed,,/home/kali/DroidForensix/samples/goodware/benign_eval/0041690DB92FE11F864977FD0A83230ACB4C210A347D2ECA3120F9BCCB4EAC75.apk,,unresolved
benign,00419d4da78b50f1aa0e1dc0afb69f7062d064e0999549929d307c9eb08f3348,00419D4DA78B50F1AA0E1DC0AFB69F7062D064E0999549929D307C9EB08F3348.apk,benign_eval,no,,medium,,benign_source,virustotal,,0,confirmed_external,"error: Step 4 (Payload Decoding) failed: UnicodeEncodeError: 'utf-8' codec can't encode character '\udc9d' in position 24: surrogates not allowed

Check:
  1. Is the APK valid? Try: python -m analysis.pipeline <apk> --skip-step=4
  2. Is there enough disk space? Pipeline requires ~500MB temporary space
  3. For configuration issues, check backend/config.py",error: Step 4 (Payload Decoding) failed: UnicodeEn,/home/kali/DroidForensix/samples/goodware/benign_eval/00419D4DA78B50F1AA0E1DC0AFB69F7062D064E0999549929D307C9EB08F3348.apk,,unresolved
benign,00427aef3ef649749d06ff69d9e9f42244b4d7dfe7387f81292adb0ac5eaf8d2,00427AEF3EF649749D06FF69D9E9F42244B4D7DFE7387F81292ADB0AC5EAF8D2.apk,benign_eval,no,,medium,,benign_source,virustotal,,0,confirmed_external,analyzed,,/home/kali/DroidForensix/samples/goodware/benign_eval/00427AEF3EF649749D06FF69D9E9F42244B4D7DFE7387F81292ADB0AC5EAF8D2.apk,,unresolved
benign,0043b19a93e5853709e70245978978b6189b183994ab5f60dab42b832f153d75,0043B19A93E5853709E70245978978B6189B183994AB5F60DAB42B832F153D75.apk,benign_eval,no,,medium,,benign_source,virustotal,,0,confirmed_external,analyzed,,/home/kali/DroidForensix/samples/goodware/benign_eval/0043B19A93E5853709E70245978978B6189B183994AB5F60DAB42B832F153D75.apk,,unresolved
benign,004514f5767e456740ff4e7c17cadd09330e0ace5e1b17fab3d1060fdcd32989,004514F5767E456740FF4E7C17CADD09330E0ACE5E1B17FAB3D1060FDCD32989.apk,benign_eval,no,,medium,,benign_source,virustotal,,0,confirmed_external,analyzed,,/home/kali/DroidForensix/samples/goodware/benign_eval/004514F5767E456740FF4E7C17CADD09330E0ACE5E1B17FAB3D1060FDCD32989.apk,,unresolved
benign,00452b2b0688cf8937bbf77d43d6033f33e5d5ce2d75309f65a56d34801a713d,00452B2B0688CF8937BBF77D43D6033F33E5D5CE2D75309F65A56D34801A713D.apk,benign_eval,no,,medium,,benign_source,virustotal,,0,confirmed_external,analyzed,,/home/kali/DroidForensix/samples/goodware/benign_eval/00452B2B0688CF8937BBF77D43D6033F33E5D5CE2D75309F65A56D34801A713D.apk,,unresolved
benign,0045b08c351866d5a8e45511455d9e0b2b184157e1ce9e81b063adabd2db0166,0045B08C351866D5A8E45511455D9E0B2B184157E1CE9E81B063ADABD2DB0166.apk,benign_eval,no,,medium,,benign_source,virustotal,,0,confirmed_external,analyzed,,/home/kali/DroidForensix/samples/goodware/benign_eval/0045B08C351866D5A8E45511455D9E0B2B184157E1CE9E81B063ADABD2DB0166.apk,,unresolved
benign,004763ea6fd738deff31dee58e597b5026555f5c7e90013fb61434f89349230e,004763EA6FD738DEFF31DEE58E597B5026555F5C7E90013FB61434F89349230E.apk,benign_eval,no,,medium,,benign_source,virustotal,,0,confirmed_external,analyzed,,/home/kali/DroidForensix/samples/goodware/benign_eval/004763EA6FD738DEFF31DEE58E597B5026555F5C7E90013FB61434F89349230E.apk,,unresolved
benign,0047af2f9f265ed68a1b322b2646602ef252a4df23fe245efa38404124c37b05,0047AF2F9F265ED68A1B322B2646602EF252A4DF23FE245EFA38404124C37B05.apk,benign_eval,no,,medium,,benign_source,virustotal,,0,confirmed_external,analyzed,,/home/kali/DroidForensix/samples/goodware/benign_eval/0047AF2F9F265ED68A1B322B2646602EF252A4DF23FE245EFA38404124C37B05.apk,,unresolved
benign,0048e3ea6c336ac88d9affb5496eb7b842a310382d7b60183ba669597a3e8c4d,0048E3EA6C336AC88D9AFFB5496EB7B842A310382D7B60183BA669597A3E8C4D.apk,benign_eval,no,,medium,,benign_source,virustotal,,0,confirmed_external,"error: Step 4 (Payload Decoding) failed: UnicodeEncodeError: 'utf-8' codec can't encode character '\uda42' in position 24: surrogates not allowed

Check:
  1. Is the APK valid? Try: python -m analysis.pipeline <apk> --skip-step=4
  2. Is there enough disk space? Pipeline requires ~500MB temporary space
  3. For configuration issues, check backend/config.py",error: Step 4 (Payload Decoding) failed: UnicodeEn,/home/kali/DroidForensix/samples/goodware/benign_eval/0048E3EA6C336AC88D9AFFB5496EB7B842A310382D7B60183BA669597A3E8C4D.apk,,unresolved
benign,004a5506cfbf8f9092a919065a198ae28b95385ad9e37983fa05d6fde9c8d94d,004A5506CFBF8F9092A919065A198AE28B95385AD9E37983FA05D6FDE9C8D94D.apk,benign_eval,no,,medium,,benign_source,virustotal,,0,confirmed_external,analyzed,,/home/kali/DroidForensix/samples/goodware/benign_eval/004A5506CFBF8F9092A919065A198AE28B95385AD9E37983FA05D6FDE9C8D94D.apk,,unresolved
benign,004bb0821ea19800b8a4090f2c5afe90d4e17eb1e175cf9b48595128bddc0bb3,004BB0821EA19800B8A4090F2C5AFE90D4E17EB1E175CF9B48595128BDDC0BB3.apk,benign_eval,no,,medium,,benign_source,virustotal,,0,confirmed_external,analyzed,,/home/kali/DroidForensix/samples/goodware/benign_eval/004BB0821EA19800B8A4090F2C5AFE90D4E17EB1E175CF9B48595128BDDC0BB3.apk,,unresolved
benign,004c60912858bac78eb37860f6ca88d2a60919f22efa5cc81bf7019ecb80df02,004C60912858BAC78EB37860F6CA88D2A60919F22EFA5CC81BF7019ECB80DF02.apk,benign_eval,no,,medium,,benign_source,virustotal,,0,confirmed_external,analyzed,,/home/kali/DroidForensix/samples/goodware/benign_eval/004C60912858BAC78EB37860F6CA88D2A60919F22EFA5CC81BF7019ECB80DF02.apk,,unresolved
benign,004c786b9d6cfb80313226a0039d906ec627529d70edea2ab23c0f689af835df,004C786B9D6CFB80313226A0039D906EC627529D70EDEA2AB23C0F689AF835DF.apk,benign_eval,no,,medium,,benign_source,virustotal,,0,confirmed_external,error: timeout after 900s,error: timeout after 900s,/home/kali/DroidForensix/samples/goodware/benign_eval/004C786B9D6CFB80313226A0039D906EC627529D70EDEA2AB23C0F689AF835DF.apk,,unresolved
benign,004d0ad50f0c8c27563e043d4a4ea9aab0173e4554d1099a83904ae6347d98a2,004D0AD50F0C8C27563E043D4A4EA9AAB0173E4554D1099A83904AE6347D98A2.apk,benign_eval,no,,medium,,benign_source,virustotal,,0,confirmed_external,error: timeout after 900s,error: timeout after 900s,/home/kali/DroidForensix/samples/goodware/benign_eval/004D0AD50F0C8C27563E043D4A4EA9AAB0173E4554D1099A83904AE6347D98A2.apk,,unresolved
benign,004d68ceb44647febf8473fd49ae636abcd8ffe458a1a656e3232aedbedca084,004D68CEB44647FEBF8473FD49AE636ABCD8FFE458A1A656E3232AEDBEDCA084.apk,benign_eval,no,,medium,,benign_source,virustotal,,0,confirmed_external,analyzed,,/home/kali/DroidForensix/samples/goodware/benign_eval/004D68CEB44647FEBF8473FD49AE636ABCD8FFE458A1A656E3232AEDBEDCA084.apk,,unresolved
benign,004e0fc20f0108396635e3b39b96753678578b1af80e07d3bbc9410cd2da91fa,004E0FC20F0108396635E3B39B96753678578B1AF80E07D3BBC9410CD2DA91FA.apk,benign_eval,no,,medium,,benign_source,virustotal,,0,confirmed_external,error: Pipeline finished but produced no result,error: Pipeline finished but produced no result,/home/kali/DroidForensix/samples/goodware/benign_eval/004E0FC20F0108396635E3B39B96753678578B1AF80E07D3BBC9410CD2DA91FA.apk,,unresolved
malware_high,00001f58c32e40376f64cc88b70f8fad2fda054e0863abd5e41f4c6f18a65da2,00001f58c32e40376f64cc88b70f8fad2fda054e0863abd5e41f4c6f18a65da2.apk,AndroZoo,yes,GinMaster,high,27,vt_consensus_27,virustotal,Adware,27,confirmed_external,analyzed,,/home/kali/DroidForensix/samples/malware/androzoo/00001f58c32e40376f64cc88b70f8fad2fda054e0863abd5e41f4c6f18a65da2.apk,GinMaster,gt_specific
malware_high,0000237117863e534ceec544bc9460f09b542d48260c2e045174d03e65ad5c28,0000237117863e534ceec544bc9460f09b542d48260c2e045174d03e65ad5c28.apk,AndroZoo,yes,Secapk,high,26,vt_consensus_26,virustotal,Secapk,26,confirmed_external,analyzed,,/home/kali/DroidForensix/samples/malware/androzoo/0000237117863e534ceec544bc9460f09b542d48260c2e045174d03e65ad5c28.apk,Secapk,gt_specific
malware_high,000027d1da96332efcb54af76906a7298121ebcccdab3d7dce999f8043e74ee7,000027d1da96332efcb54af76906a7298121ebcccdab3d7dce999f8043e74ee7.apk,AndroZoo,yes,AndroidOS,high,38,vt_consensus_38,virustotal,AndroidOS,38,confirmed_external,analyzed,,/home/kali/DroidForensix/samples/malware/androzoo/000027d1da96332efcb54af76906a7298121ebcccdab3d7dce999f8043e74ee7.apk,,unresolved
malware_high,00002d74a9faa53f5199c910b652ef09d3a7f6bd42b693755a233635c3ffb0f4,00002d74a9faa53f5199c910b652ef09d3a7f6bd42b693755a233635c3ffb0f4.apk,AndroZoo,yes,GinMaster,high,39,vt_consensus_39,virustotal,GinMaster,39,confirmed_external,analyzed,,/home/kali/DroidForensix/samples/malware/androzoo/00002d74a9faa53f5199c910b652ef09d3a7f6bd42b693755a233635c3ffb0f4.apk,GinMaster,gt_specific
malware_high,0000511d5c2a99b303afd14d2acde3ebbad5c3426039679b25f24510a87b381c,0000511d5c2a99b303afd14d2acde3ebbad5c3426039679b25f24510a87b381c.apk,AndroZoo,yes,Android/Packed,high,12,vt_consensus_12,virustotal,Android/Packed,10,confirmed_external,analyzed,,/home/kali/DroidForensix/samples/malware/androzoo/0000511d5c2a99b303afd14d2acde3ebbad5c3426039679b25f24510a87b381c.apk,Android/Packed,gt_specific
malware_high,00005be947a8f108382b59ced7d1e95871a68539c00ff53fd3e1d93c58e2ba6c,00005be947a8f108382b59ced7d1e95871a68539c00ff53fd3e1d93c58e2ba6c.apk,AndroZoo,yes,Dowgin,high,27,vt_consensus_27,virustotal,Dowgin,27,confirmed_external,analyzed,,/home/kali/DroidForensix/samples/malware/androzoo/00005be947a8f108382b59ced7d1e95871a68539c00ff53fd3e1d93c58e2ba6c.apk,Dowgin,gt_specific
malware_high,0000689bf34a969056e8190b4421945b098b890e1ea7001003a78bd13825b5db,0000689bf34a969056e8190b4421945b098b890e1ea7001003a78bd13825b5db.apk,AndroZoo,yes,Adware,high,25,vt_consensus_25,virustotal,Adware,25,confirmed_external,analyzed,,/home/kali/DroidForensix/samples/malware/androzoo/0000689bf34a969056e8190b4421945b098b890e1ea7001003a78bd13825b5db.apk,,unresolved
malware_high,0000764713b286cfe7e8e76c7038c92312977712d9c5a86d504be54f3c1d025a,0000764713b286cfe7e8e76c7038c92312977712d9c5a86d504be54f3c1d025a.apk,AndroZoo,yes,FakeInst,high,40,vt_consensus_40,virustotal,FakeInst,40,confirmed_external,analyzed,,/home/kali/DroidForensix/samples/malware/androzoo/0000764713b286cfe7e8e76c7038c92312977712d9c5a86d504be54f3c1d025a.apk,FakeInst,gt_specific
malware_high,000086eb3bd03827407aef16d67de013d4242d9910b0fc74bb77f8be486a1156,000086eb3bd03827407aef16d67de013d4242d9910b0fc74bb77f8be486a1156.apk,AndroZoo,yes,Adware,high,16,vt_consensus_16,virustotal,Adware,16,confirmed_external,analyzed,,/home/kali/DroidForensix/samples/malware/androzoo/000086eb3bd03827407aef16d67de013d4242d9910b0fc74bb77f8be486a1156.apk,,unresolved
malware_high,000091f2fac1083dc578240acf9d24ede3ce7b9f9e517b37f44a2cdae0ff0fb3,000091f2fac1083dc578240acf9d24ede3ce7b9f9e517b37f44a2cdae0ff0fb3.apk,AndroZoo,yes,Adware,high,27,vt_consensus_27,virustotal,Adware,27,confirmed_external,analyzed,,/home/kali/DroidForensix/samples/malware/androzoo/000091f2fac1083dc578240acf9d24ede3ce7b9f9e517b37f44a2cdae0ff0fb3.apk,,unresolved
malware_high,00009ae5a877e56bb367d919f4393414bb49ffef94c84ae122f8c85a9ad522c3,00009ae5a877e56bb367d919f4393414bb49ffef94c84ae122f8c85a9ad522c3.apk,AndroZoo,yes,Jiagu,high,11,vt_consensus_11,virustotal,Jiagu,12,confirmed_external,analyzed,,/home/kali/DroidForensix/samples/malware/androzoo/00009ae5a877e56bb367d919f4393414bb49ffef94c84ae122f8c85a9ad522c3.apk,Jiagu,gt_specific
malware_high,0000a053de676b4d381cc35632d0e5ab67c098bd2c8fb55571750c07f888c465,0000a053de676b4d381cc35632d0e5ab67c098bd2c8fb55571750c07f888c465.apk,AndroZoo,yes,AndroidOS,high,17,vt_consensus_17,virustotal,AndroidOS,17,confirmed_external,analyzed,,/home/kali/DroidForensix/samples/malware/androzoo/0000a053de676b4d381cc35632d0e5ab67c098bd2c8fb55571750c07f888c465.apk,,unresolved
malware_high,0000a6d452d58424a8b7613f175af5937f590033616b808bf8c0445695f82541,0000a6d452d58424a8b7613f175af5937f590033616b808bf8c0445695f82541.apk,AndroZoo,yes,Adware,high,23,vt_consensus_23,virustotal,Adware,23,confirmed_external,analyzed,,/home/kali/DroidForensix/samples/malware/androzoo/0000a6d452d58424a8b7613f175af5937f590033616b808bf8c0445695f82541.apk,,unresolved
malware_high,0000b2ee9720dd6028e5cac22cb3689f1b67dd26113b30c3d2698c362809b892,0000b2ee9720dd6028e5cac22cb3689f1b67dd26113b30c3d2698c362809b892.apk,AndroZoo,yes,Cnzz,high,29,vt_consensus_29,virustotal,Cnzz,29,confirmed_external,analyzed,,/home/kali/DroidForensix/samples/malware/androzoo/0000b2ee9720dd6028e5cac22cb3689f1b67dd26113b30c3d2698c362809b892.apk,Cnzz,gt_specific
malware_high,0000bbba321e673b89da37baf825c9e28c66ba72535fb42d11f8b5c35ae53abb,0000bbba321e673b89da37baf825c9e28c66ba72535fb42d11f8b5c35ae53abb.apk,AndroZoo,yes,Adware,high,25,vt_consensus_25,virustotal,Adware,25,confirmed_external,analyzed,,/home/kali/DroidForensix/samples/malware/androzoo/0000bbba321e673b89da37baf825c9e28c66ba72535fb42d11f8b5c35ae53abb.apk,,unresolved
malware_high,0000bbe0733122b3872576fb080df7fded864325f193b36acf0fcb9e0a74c5d8,0000bbe0733122b3872576fb080df7fded864325f193b36acf0fcb9e0a74c5d8.apk,AndroZoo,yes,Dowgin,high,28,vt_consensus_28,virustotal,Dowgin,28,confirmed_external,analyzed,,/home/kali/DroidForensix/samples/malware/androzoo/0000bbe0733122b3872576fb080df7fded864325f193b36acf0fcb9e0a74c5d8.apk,Dowgin,gt_specific
malware_high,0000c26310f1042ba3c2755a44addd13d1befb90ee1041b47585529eb3757c07,0000c26310f1042ba3c2755a44addd13d1befb90ee1041b47585529eb3757c07.apk,AndroZoo,yes,Adware,high,28,vt_consensus_28,virustotal,Adware,28,confirmed_external,analyzed,,/home/kali/DroidForensix/samples/malware/androzoo/0000c26310f1042ba3c2755a44addd13d1befb90ee1041b47585529eb3757c07.apk,,unresolved
malware_high,0000d3e05cfad4c3f301f8b47986354aaca80ac236c5934ec287d91e3efc037b,0000d3e05cfad4c3f301f8b47986354aaca80ac236c5934ec287d91e3efc037b.apk,AndroZoo,yes,Secapk,high,28,vt_consensus_28,virustotal,Secapk,28,confirmed_external,analyzed,,/home/kali/DroidForensix/samples/malware/androzoo/0000d3e05cfad4c3f301f8b47986354aaca80ac236c5934ec287d91e3efc037b.apk,Secapk,gt_specific
malware_high,00696116790f5c398de19e9184da0b32ac011bc30e9c18e14ca8ffd2c3dec7b8,FakeInstaller_00696116790f5c398de19e9184da0b32ac011bc30e9c18e14ca8ffd2c3dec7b8.apk,AndroZoo-Drebin,yes,FakeInst,high,40,vt_consensus_36,virustotal,FakeInst,36,confirmed_external,analyzed,,/home/kali/DroidForensix/samples/malware/androzoo_drebin/FakeInstaller_00696116790f5c398de19e9184da0b32ac011bc30e9c18e14ca8ffd2c3dec7b8.apk,FakeInstaller,filename_prefix
malware_high,016ab069253276cbface350265f0a2d5f10f38e3c7888dcc976698216c2bdeea,SerBG_016ab069253276cbface350265f0a2d5f10f38e3c7888dcc976698216c2bdeea.apk,AndroZoo-Drebin,yes,Backdoor,high,39,vt_consensus_39,virustotal,Backdoor,39,confirmed_external,analyzed,,/home/kali/DroidForensix/samples/malware/androzoo_drebin/SerBG_016ab069253276cbface350265f0a2d5f10f38e3c7888dcc976698216c2bdeea.apk,Serbg,filename_prefix
malware_high,022c88f2397b59ef6394db385163b1ed44c5a4b720f667ca3b91983b04f89433,Opfake_022c88f2397b59ef6394db385163b1ed44c5a4b720f667ca3b91983b04f89433.apk,AndroZoo-Drebin,yes,Opfake,high,40,vt_consensus_40,virustotal,Opfake,40,confirmed_external,analyzed,,/home/kali/DroidForensix/samples/malware/androzoo_drebin/Opfake_022c88f2397b59ef6394db385163b1ed44c5a4b720f667ca3b91983b04f89433.apk,Opfake,filename_prefix
malware_high,025ab95fa2b88dabc0894d575ae0b961f1b22c2da2adf1569c35ba1a7e776970,Kmin_025ab95fa2b88dabc0894d575ae0b961f1b22c2da2adf1569c35ba1a7e776970.apk,AndroZoo-Drebin,yes,Kmin,high,37,vt_consensus_37,virustotal,Kmin,37,confirmed_external,analyzed,,/home/kali/DroidForensix/samples/malware/androzoo_drebin/Kmin_025ab95fa2b88dabc0894d575ae0b961f1b22c2da2adf1569c35ba1a7e776970.apk,Kmin,filename_prefix
malware_high,03385b42f9dffe697a883aac40042188e658145e8d67e0dab9d665501d7e02aa,Opfake_03385b42f9dffe697a883aac40042188e658145e8d67e0dab9d665501d7e02aa.apk,AndroZoo-Drebin,yes,Opfake,high,32,existing:gt_json,virustotal,Opfake,36,confirmed_external,analyzed,,/home/kali/DroidForensix/samples/malware/androzoo_drebin/Opfake_03385b42f9dffe697a883aac40042188e658145e8d67e0dab9d665501d7e02aa.apk,Opfake,filename_prefix
malware_high,03a2c97e0ed693d31b8974b2383f2ccb2b3d5a6046042e242085c9817855b1cb,Opfake_03a2c97e0ed693d31b8974b2383f2ccb2b3d5a6046042e242085c9817855b1cb.apk,AndroZoo-Drebin,yes,AndroidOS,high,41,vt_consensus_39,virustotal,AndroidOS,39,confirmed_external,analyzed,,/home/kali/DroidForensix/samples/malware/androzoo_drebin/Opfake_03a2c97e0ed693d31b8974b2383f2ccb2b3d5a6046042e242085c9817855b1cb.apk,Opfake,filename_prefix
malware_high,0526cff3ebb1fbfa493cf982fcba85409ae692157b25f9046469576bf58e8c4d,FakeTimer_0526cff3ebb1fbfa493cf982fcba85409ae692157b25f9046469576bf58e8c4d.apk,AndroZoo-Drebin,yes,FakeTimer,high,37,existing:gt_json,virustotal,FakeTimer,38,confirmed_external,analyzed,,/home/kali/DroidForensix/samples/malware/androzoo_drebin/FakeTimer_0526cff3ebb1fbfa493cf982fcba85409ae692157b25f9046469576bf58e8c4d.apk,FakeTimer,filename_prefix
malware_high,07e47fbf43c585155ddcdae49c3330c00ceceedf6c9f98432cf631769a21b206,Opfake_07e47fbf43c585155ddcdae49c3330c00ceceedf6c9f98432cf631769a21b206.apk,AndroZoo-Drebin,yes,Opfake,high,35,vt_consensus_35,virustotal,Opfake,35,confirmed_external,analyzed,,/home/kali/DroidForensix/samples/malware/androzoo_drebin/Opfake_07e47fbf43c585155ddcdae49c3330c00ceceedf6c9f98432cf631769a21b206.apk,Opfake,filename_prefix
malware_high,090b5be26bcc4df6186124c2b47831eb96761fcf61282d63e13fa235a20c7539,Plankton_090b5be26bcc4df6186124c2b47831eb96761fcf61282d63e13fa235a20c7539.apk,AndroZoo-Drebin,yes,Plankton,high,21,existing:gt_json,virustotal,Adware,36,confirmed_external,analyzed,,/home/kali/DroidForensix/samples/malware/androzoo_drebin/Plankton_090b5be26bcc4df6186124c2b47831eb96761fcf61282d63e13fa235a20c7539.apk,Plankton,filename_prefix
malware_high,0a394ec6d7c750349a54d4893b83df31072900e804ce4845dcae763348c2e187,Opfake_0a394ec6d7c750349a54d4893b83df31072900e804ce4845dcae763348c2e187.apk,AndroZoo-Drebin,yes,Opfake,high,38,vt_consensus_38,virustotal,Opfake,38,confirmed_external,analyzed,,/home/kali/DroidForensix/samples/malware/androzoo_drebin/Opfake_0a394ec6d7c750349a54d4893b83df31072900e804ce4845dcae763348c2e187.apk,Opfake,filename_prefix
malware_high,0c5f6f74735692fce876d86c95d36c74df88eec9647853590ee8ec9b1fabfce1,FakeInstaller_0c5f6f74735692fce876d86c95d36c74df88eec9647853590ee8ec9b1fabfce1.apk,AndroZoo-Drebin,yes,FakeInstaller,high,32,existing:gt_json,virustotal,FakeInst,41,confirmed_external,analyzed,,/home/kali/DroidForensix/samples/malware/androzoo_drebin/FakeInstaller_0c5f6f74735692fce876d86c95d36c74df88eec9647853590ee8ec9b1fabfce1.apk,FakeInstaller,filename_prefix
malware_high,0c8890bd550dd21cc5b0feb9ad101984e194719b2656ac904b7aefb35765b15f,SpyHasb_0c8890bd550dd21cc5b0feb9ad101984e194719b2656ac904b7aefb35765b15f.apk,AndroZoo-Drebin,yes,SpyHasb,high,30,vt_consensus_30,virustotal,SpyHasb,30,confirmed_external,analyzed,,/home/kali/DroidForensix/samples/malware/androzoo_drebin/SpyHasb_0c8890bd550dd21cc5b0feb9ad101984e194719b2656ac904b7aefb35765b15f.apk,SpyHasb,filename_prefix
malware_high,0ca64e19e09d8af20a7a9269aca259da3406c5fd1c3627f92fb601af2c2d7d9a,Plankton_0ca64e19e09d8af20a7a9269aca259da3406c5fd1c3627f92fb601af2c2d7d9a.apk,AndroZoo-Drebin,yes,a,high,34,vt_consensus_31,virustotal,a,31,confirmed_external,analyzed,,/home/kali/DroidForensix/samples/malware/androzoo_drebin/Plankton_0ca64e19e09d8af20a7a9269aca259da3406c5fd1c3627f92fb601af2c2d7d9a.apk,Plankton,filename_prefix
malware_high,0f021e137e7d3ef426d85f373f64ac53f1ee6c26efd2772cdc9ccb95ff09f9e4,BaseBridge_0f021e137e7d3ef426d85f373f64ac53f1ee6c26efd2772cdc9ccb95ff09f9e4.apk,AndroZoo-Drebin,yes,BaseBridge,high,33,existing:gt_json,virustotal,Backdoor,37,confirmed_external,analyzed,,/home/kali/DroidForensix/samples/malware/androzoo_drebin/BaseBridge_0f021e137e7d3ef426d85f373f64ac53f1ee6c26efd2772cdc9ccb95ff09f9e4.apk,BaseBridge,filename_prefix
malware_high,1035296bb576144475b684a9f703fc0220e8c0107a9e7e87c4bf76f72496b6c4,FakeInstaller_1035296bb576144475b684a9f703fc0220e8c0107a9e7e87c4bf76f72496b6c4.apk,AndroZoo-Drebin,yes,FakeInstaller,high,35,existing:gt_json,virustotal,AndroidOS,38,confirmed_external,analyzed,,/home/kali/DroidForensix/samples/malware/androzoo_drebin/FakeInstaller_1035296bb576144475b684a9f703fc0220e8c0107a9e7e87c4bf76f72496b6c4.apk,FakeInstaller,filename_prefix
malware_high,10c902a0bb9645ee71ae95528fe90580120e628db17dcdefe8bf7ad4b4bbfc01,GinMaster_10c902a0bb9645ee71ae95528fe90580120e628db17dcdefe8bf7ad4b4bbfc01.apk,AndroZoo-Drebin,yes,Wooboo,high,31,vt_consensus_31,virustotal,Wooboo,31,confirmed_external,analyzed,,/home/kali/DroidForensix/samples/malware/androzoo_drebin/GinMaster_10c902a0bb9645ee71ae95528fe90580120e628db17dcdefe8bf7ad4b4bbfc01.apk,GinMaster,filename_prefix
malware_high,10f2dcb4f070e9bf8182512e2c3de42d583aceecdcb606298e7e76175430e307,Iconosys_10f2dcb4f070e9bf8182512e2c3de42d583aceecdcb606298e7e76175430e307.apk,AndroZoo-Drebin,yes,Iconosys,high,35,vt_consensus_35,virustotal,Iconosys,35,confirmed_external,analyzed,,/home/kali/DroidForensix/samples/malware/androzoo_drebin/Iconosys_10f2dcb4f070e9bf8182512e2c3de42d583aceecdcb606298e7e76175430e307.apk,Iconosys,filename_prefix
malware_high,11172b2f0ccaa49ab486b313bb61cfb8900126b15541540acf42ad73cf096133,Plankton_11172b2f0ccaa49ab486b313bb61cfb8900126b15541540acf42ad73cf096133.apk,AndroZoo-Drebin,yes,Airpush,high,33,vt_consensus_33,virustotal,Airpush,33,confirmed_external,analyzed,,/home/kali/DroidForensix/samples/malware/androzoo_drebin/Plankton_11172b2f0ccaa49ab486b313bb61cfb8900126b15541540acf42ad73cf096133.apk,Plankton,filename_prefix
malware_high,13055eb9348525e119e0012172f39727a870a420ee54ffe562ea42d6cb6724f4,Plankton_13055eb9348525e119e0012172f39727a870a420ee54ffe562ea42d6cb6724f4.apk,AndroZoo-Drebin,yes,Plankton,high,16,existing:gt_json,virustotal,a,34,confirmed_external,analyzed,,/home/kali/DroidForensix/samples/malware/androzoo_drebin/Plankton_13055eb9348525e119e0012172f39727a870a420ee54ffe562ea42d6cb6724f4.apk,Plankton,filename_prefix
malware_high,13792ea5da63cc800e9c1cb1944d2ed66dedc2a2dfa940dbcd8828aa47c8b6ea,Plankton_13792ea5da63cc800e9c1cb1944d2ed66dedc2a2dfa940dbcd8828aa47c8b6ea.apk,AndroZoo-Drebin,yes,a,high,34,vt_consensus_34,virustotal,a,34,confirmed_external,analyzed,,/home/kali/DroidForensix/samples/malware/androzoo_drebin/Plankton_13792ea5da63cc800e9c1cb1944d2ed66dedc2a2dfa940dbcd8828aa47c8b6ea.apk,Plankton,filename_prefix
malware_high,149bde78b32be3c4c25379dd6c3310ce08eaf58804067a9870cfe7b4f51e62fe,Plankton_149bde78b32be3c4c25379dd6c3310ce08eaf58804067a9870cfe7b4f51e62fe.apk,AndroZoo-Drebin,yes,Plankton,high,29,existing:gt_json,virustotal,AndroidOS,34,confirmed_external,analyzed,,/home/kali/DroidForensix/samples/malware/androzoo_drebin/Plankton_149bde78b32be3c4c25379dd6c3310ce08eaf58804067a9870cfe7b4f51e62fe.apk,Plankton,filename_prefix
malware_high,1dd0ccbb47e46144a5e68afc619098730f561741618d89200ac9c06c460bf6e4,Plankton_1dd0ccbb47e46144a5e68afc619098730f561741618d89200ac9c06c460bf6e4.apk,AndroZoo-Drebin,yes,Plankton,high,41,vt_consensus_41,virustotal,Plankton,41,confirmed_external,analyzed,,/home/kali/DroidForensix/samples/malware/androzoo_drebin/Plankton_1dd0ccbb47e46144a5e68afc619098730f561741618d89200ac9c06c460bf6e4.apk,Plankton,filename_prefix
malware_high,1ff001f3ea8ef13d562b99b11cee7c1004abf7de486c38e9dddbaa2b64efd992,Zsone_1ff001f3ea8ef13d562b99b11cee7c1004abf7de486c38e9dddbaa2b64efd992.apk,AndroZoo-Drebin,yes,Zsone,high,33,vt_consensus_33,virustotal,Zsone,33,confirmed_external,analyzed,,/home/kali/DroidForensix/samples/malware/androzoo_drebin/Zsone_1ff001f3ea8ef13d562b99b11cee7c1004abf7de486c38e9dddbaa2b64efd992.apk,Zsone,filename_prefix
malware_high,21ea92178eccae3f448345dcab84d98f21a6b32ea412265d858665973874b5df,FakeInstaller_21ea92178eccae3f448345dcab84d98f21a6b32ea412265d858665973874b5df.apk,AndroZoo-Drebin,yes,FakeInst,high,39,vt_consensus_39,virustotal,FakeInst,39,confirmed_external,analyzed,,/home/kali/DroidForensix/samples/malware/androzoo_drebin/FakeInstaller_21ea92178eccae3f448345dcab84d98f21a6b32ea412265d858665973874b5df.apk,FakeInstaller,filename_prefix
malware_high,22670788ea0108e1e205f34e0a039f994bc94f19563b6f09784074b41f61cc53,DroidKungFu_22670788ea0108e1e205f34e0a039f994bc94f19563b6f09784074b41f61cc53.apk,AndroZoo-Drebin,yes,Backdoor,high,41,vt_consensus_41,virustotal,Backdoor,41,confirmed_external,analyzed,,/home/kali/DroidForensix/samples/malware/androzoo_drebin/DroidKungFu_22670788ea0108e1e205f34e0a039f994bc94f19563b6f09784074b41f61cc53.apk,DroidKungFu,filename_prefix
malware_high,238a4de3f693e8ae8506c72aab6838837a5fc92ae233c813404a1750204fa09d,Nickspy_238a4de3f693e8ae8506c72aab6838837a5fc92ae233c813404a1750204fa09d.apk,AndroZoo-Drebin,yes,NickiSpy,high,34,vt_consensus_31,virustotal,NickiSpy,31,confirmed_external,analyzed,,/home/kali/DroidForensix/samples/malware/androzoo_drebin/Nickspy_238a4de3f693e8ae8506c72aab6838837a5fc92ae233c813404a1750204fa09d.apk,NickiSpy,filename_prefix
malware_high,255eae7859b0855b15de30e5405a2714837ac556c238bc009ac74c5bfa69714a,Nisev_255eae7859b0855b15de30e5405a2714837ac556c238bc009ac74c5bfa69714a.apk,AndroZoo-Drebin,yes,Nisev,high,35,existing:gt_json,virustotal,Nisev,38,confirmed_external,analyzed,,/home/kali/DroidForensix/samples/malware/androzoo_drebin/Nisev_255eae7859b0855b15de30e5405a2714837ac556c238bc009ac74c5bfa69714a.apk,Nisev,filename_prefix
malware_high,27adebb28c7871e192407c86a69b9b1ec6a1b8ecaf535d96f88f00bb54423b26,Opfake_27adebb28c7871e192407c86a69b9b1ec6a1b8ecaf535d96f88f00bb54423b26.apk,AndroZoo-Drebin,yes,AndroidOS,high,37,vt_consensus_37,virustotal,AndroidOS,37,confirmed_external,analyzed,,/home/kali/DroidForensix/samples/malware/androzoo_drebin/Opfake_27adebb28c7871e192407c86a69b9b1ec6a1b8ecaf535d96f88f00bb54423b26.apk,Opfake,filename_prefix
malware_high,315e29c580f1720dfc0f7ef7d48beeb3321f3bf343646e022420af119ad7a370,Opfake_315e29c580f1720dfc0f7ef7d48beeb3321f3bf343646e022420af119ad7a370.apk,AndroZoo-Drebin,yes,Opfake,high,36,existing:gt_json,virustotal,Opfake,40,confirmed_external,analyzed,,/home/kali/DroidForensix/samples/malware/androzoo_drebin/Opfake_315e29c580f1720dfc0f7ef7d48beeb3321f3bf343646e022420af119ad7a370.apk,Opfake,filename_prefix
malware_high,326fc668fbf5dd4812b075fd963994e1378a0533637899eb07e639bcb9ecd733,Imlog_326fc668fbf5dd4812b075fd963994e1378a0533637899eb07e639bcb9ecd733.apk,AndroZoo-Drebin,yes,Imlog,high,34,vt_consensus_34,virustotal,Imlog,34,confirmed_external,analyzed,,/home/kali/DroidForensix/samples/malware/androzoo_drebin/Imlog_326fc668fbf5dd4812b075fd963994e1378a0533637899eb07e639bcb9ecd733.apk,Imlog,filename_prefix
malware_high,328ff57e39148daf440359709e92989aad445f1b41b3f33135238a9343317d85,Plankton_328ff57e39148daf440359709e92989aad445f1b41b3f33135238a9343317d85.apk,AndroZoo-Drebin,yes,Adware,high,34,vt_consensus_34,virustotal,Adware,34,confirmed_external,analyzed,,/home/kali/DroidForensix/samples/malware/androzoo_drebin/Plankton_328ff57e39148daf440359709e92989aad445f1b41b3f33135238a9343317d85.apk,Plankton,filename_prefix
malware_high,33d27a5f6b07557021fc4c7959bef4c0e7ee79cc3991e7e213de976b60af1147,Typstu_33d27a5f6b07557021fc4c7959bef4c0e7ee79cc3991e7e213de976b60af1147.apk,AndroZoo-Drebin,yes,Typstu,high,35,vt_consensus_35,virustotal,Typstu,35,confirmed_external,analyzed,,/home/kali/DroidForensix/samples/malware/androzoo_drebin/Typstu_33d27a5f6b07557021fc4c7959bef4c0e7ee79cc3991e7e213de976b60af1147.apk,Typstu,filename_prefix
malware_high,352e2e2b57138099966a3a558f9eb3d6a88c27fa6d401f767b36e5cf3440f06a,FakeInstaller_352e2e2b57138099966a3a558f9eb3d6a88c27fa6d401f767b36e5cf3440f06a.apk,AndroZoo-Drebin,yes,FakeInst,high,38,vt_consensus_38,virustotal,FakeInst,38,confirmed_external,analyzed,,/home/kali/DroidForensix/samples/malware/androzoo_drebin/FakeInstaller_352e2e2b57138099966a3a558f9eb3d6a88c27fa6d401f767b36e5cf3440f06a.apk,FakeInstaller,filename_prefix
malware_high,36c25d77e5097eaec3b3b7fe879533d093e8cd40bce16aff601102838eb2a211,MobileTx_36c25d77e5097eaec3b3b7fe879533d093e8cd40bce16aff601102838eb2a211.apk,AndroZoo-Drebin,yes,MobileTx,high,35,vt_consensus_35,virustotal,MobileTx,35,confirmed_external,analyzed,,/home/kali/DroidForensix/samples/malware/androzoo_drebin/MobileTx_36c25d77e5097eaec3b3b7fe879533d093e8cd40bce16aff601102838eb2a211.apk,MobileTx,filename_prefix
malware_high,379f0932084641fd8839b2101428a5c856f4d9c54dc9aff4a5d58a0de9a12595,Plankton_379f0932084641fd8839b2101428a5c856f4d9c54dc9aff4a5d58a0de9a12595.apk,AndroZoo-Drebin,yes,Plankton,high,28,existing:gt_json,virustotal,Adware,34,confirmed_external,analyzed,,/home/kali/DroidForensix/samples/malware/androzoo_drebin/Plankton_379f0932084641fd8839b2101428a5c856f4d9c54dc9aff4a5d58a0de9a12595.apk,Plankton,filename_prefix
malware_high,37c97fe776f0af6b21be6892124317461f75032f33944d933f1d046a90bd13be,Nandrobox_37c97fe776f0af6b21be6892124317461f75032f33944d933f1d046a90bd13be.apk,AndroZoo-Drebin,yes,Nandrobox,high,32,existing:gt_json,virustotal,Nandrobox,36,confirmed_external,analyzed,,/home/kali/DroidForensix/samples/malware/androzoo_drebin/Nandrobox_37c97fe776f0af6b21be6892124317461f75032f33944d933f1d046a90bd13be.apk,Nandrobox,filename_prefix
malware_high,3c44fed6329931c17ffbbe8044b9181ab54cd9c5e9671c657e6f5a0882f5d59c,GinMaster_3c44fed6329931c17ffbbe8044b9181ab54cd9c5e9671c657e6f5a0882f5d59c.apk,AndroZoo-Drebin,yes,GinMaster,high,36,vt_consensus_36,virustotal,GinMaster,36,confirmed_external,analyzed,,/home/kali/DroidForensix/samples/malware/androzoo_drebin/GinMaster_3c44fed6329931c17ffbbe8044b9181ab54cd9c5e9671c657e6f5a0882f5d59c.apk,GinMaster,filename_prefix
malware_high,3dfbecd41310db51f8aa31149d9e5619ed7799166f2e7a57b32c30d6633c82cb,Geinimi_3dfbecd41310db51f8aa31149d9e5619ed7799166f2e7a57b32c30d6633c82cb.apk,AndroZoo-Drebin,yes,Geinimi,high,41,vt_consensus_41,virustotal,Geinimi,41,confirmed_external,analyzed,,/home/kali/DroidForensix/samples/malware/androzoo_drebin/Geinimi_3dfbecd41310db51f8aa31149d9e5619ed7799166f2e7a57b32c30d6633c82cb.apk,Geinimi,filename_prefix
malware_high,3f76c482fdd58df5edd678e4730745e7cbafe298d0ebe0770ff962a3c2d6cf7f,Plankton_3f76c482fdd58df5edd678e4730745e7cbafe298d0ebe0770ff962a3c2d6cf7f.apk,AndroZoo-Drebin,yes,Plankton,high,30,existing:gt_json,virustotal,a,35,confirmed_external,analyzed,,/home/kali/DroidForensix/samples/malware/androzoo_drebin/Plankton_3f76c482fdd58df5edd678e4730745e7cbafe298d0ebe0770ff962a3c2d6cf7f.apk,Plankton,filename_prefix
malware_high,412f959e050df1e74d732401f67210595b7db1c3dbd6e27c49fd1ee2bf8031b4,FakeInstaller_412f959e050df1e74d732401f67210595b7db1c3dbd6e27c49fd1ee2bf8031b4.apk,AndroZoo-Drebin,yes,FakeInst,high,39,vt_consensus_39,virustotal,FakeInst,39,confirmed_external,analyzed,,/home/kali/DroidForensix/samples/malware/androzoo_drebin/FakeInstaller_412f959e050df1e74d732401f67210595b7db1c3dbd6e27c49fd1ee2bf8031b4.apk,FakeInstaller,filename_prefix
malware_high,43f62b4cca7597f24772bf7edd005c3929b5e4d1bc821d5097a7d11ff02c0a93,FakeInstaller_43f62b4cca7597f24772bf7edd005c3929b5e4d1bc821d5097a7d11ff02c0a93.apk,AndroZoo-Drebin,yes,FakeInst,high,46,vt_consensus_46,virustotal,FakeInst,46,confirmed_external,analyzed,,/home/kali/DroidForensix/samples/malware/androzoo_drebin/FakeInstaller_43f62b4cca7597f24772bf7edd005c3929b5e4d1bc821d5097a7d11ff02c0a93.apk,FakeInstaller,filename_prefix
malware_high,45d2031af6420768aef7c0d4a0b08063939abe88c27e0344cf9c787f73eb8f3e,SMSreg_45d2031af6420768aef7c0d4a0b08063939abe88c27e0344cf9c787f73eb8f3e.apk,AndroZoo-Drebin,yes,AndroidOS,high,37,vt_consensus_37,virustotal,AndroidOS,37,confirmed_external,analyzed,,/home/kali/DroidForensix/samples/malware/androzoo_drebin/SMSreg_45d2031af6420768aef7c0d4a0b08063939abe88c27e0344cf9c787f73eb8f3e.apk,SMSreg,filename_prefix
malware_high,47a4aff5aaac505f213fb058e22cb5fecd03791c3f60ff9529b9f9befcbc2012,BaseBridge_47a4aff5aaac505f213fb058e22cb5fecd03791c3f60ff9529b9f9befcbc2012.apk,AndroZoo-Drebin,yes,BaseBridge,high,37,existing:gt_json,virustotal,Exploit,50,confirmed_external,analyzed,,/home/kali/DroidForensix/samples/malware/androzoo_drebin/BaseBridge_47a4aff5aaac505f213fb058e22cb5fecd03791c3f60ff9529b9f9befcbc2012.apk,BaseBridge,filename_prefix
malware_high,48f7ecd18cadc12914b89e91336b9885131d4151a9ed1975f6456e7951633583,Plankton_48f7ecd18cadc12914b89e91336b9885131d4151a9ed1975f6456e7951633583.apk,AndroZoo-Drebin,yes,AndroidOS,high,33,vt_consensus_33,virustotal,AndroidOS,33,confirmed_external,analyzed,,/home/kali/DroidForensix/samples/malware/androzoo_drebin/Plankton_48f7ecd18cadc12914b89e91336b9885131d4151a9ed1975f6456e7951633583.apk,Plankton,filename_prefix
malware_high,4dc2d4c59ca4e06b852ccbec728009a2a7a7e1e3f6cee65588d4d376b7f14a2d,Copycat_4dc2d4c59ca4e06b852ccbec728009a2a7a7e1e3f6cee65588d4d376b7f14a2d.apk,AndroZoo-Drebin,yes,FakeApp,high,33,vt_consensus_33,virustotal,FakeApp,33,confirmed_external,analyzed,,/home/kali/DroidForensix/samples/malware/androzoo_drebin/Copycat_4dc2d4c59ca4e06b852ccbec728009a2a7a7e1e3f6cee65588d4d376b7f14a2d.apk,Copycat,filename_prefix
malware_high,4e355df8f0843afc4a7bfc294ee4b1db9e9b896269c754c2d57dcb647dcd3efb,Opfake_4e355df8f0843afc4a7bfc294ee4b1db9e9b896269c754c2d57dcb647dcd3efb.apk,AndroZoo-Drebin,yes,Opfake,high,36,existing:gt_json,virustotal,AndroidOS,38,confirmed_external,analyzed,,/home/kali/DroidForensix/samples/malware/androzoo_drebin/Opfake_4e355df8f0843afc4a7bfc294ee4b1db9e9b896269c754c2d57dcb647dcd3efb.apk,Opfake,filename_prefix
malware_high,4fca2064417bf4c9e96131aaa59021a56f6d01c18d74d085cf01cb9e9c4e6e25,Plankton_4fca2064417bf4c9e96131aaa59021a56f6d01c18d74d085cf01cb9e9c4e6e25.apk,AndroZoo-Drebin,yes,Plankton,high,29,existing:gt_json,virustotal,Airpush,34,confirmed_external,analyzed,,/home/kali/DroidForensix/samples/malware/androzoo_drebin/Plankton_4fca2064417bf4c9e96131aaa59021a56f6d01c18d74d085cf01cb9e9c4e6e25.apk,Plankton,filename_prefix
malware_high,5010f34461e309ea1bc5539bb24fccc320576ce6d677a29604f5568c0a5e6315,Opfake_5010f34461e309ea1bc5539bb24fccc320576ce6d677a29604f5568c0a5e6315.apk,AndroZoo-Drebin,yes,Opfake,high,30,existing:gt_json,virustotal,Opfake,36,confirmed_external,analyzed,,/home/kali/DroidForensix/samples/malware/androzoo_drebin/Opfake_5010f34461e309ea1bc5539bb24fccc320576ce6d677a29604f5568c0a5e6315.apk,Opfake,filename_prefix
malware_high,5030b673a6de2f1e1a83e3cb911fe053bdc38439d6a22ebad1c8a3a59d513205,Opfake_5030b673a6de2f1e1a83e3cb911fe053bdc38439d6a22ebad1c8a3a59d513205.apk,AndroZoo-Drebin,yes,Opfake,high,34,vt_consensus_34,virustotal,Opfake,34,confirmed_external,analyzed,,/home/kali/DroidForensix/samples/malware/androzoo_drebin/Opfake_5030b673a6de2f1e1a83e3cb911fe053bdc38439d6a22ebad1c8a3a59d513205.apk,Opfake,filename_prefix
malware_high,536a6084656a2d58e81a88ecfe0a0d050a4a5794f65cbc09170646c3e4c0dc0c,GinMaster_536a6084656a2d58e81a88ecfe0a0d050a4a5794f65cbc09170646c3e4c0dc0c.apk,AndroZoo-Drebin,yes,GinMaster,high,30,existing:gt_json,virustotal,GinMaster,36,confirmed_external,analyzed,,/home/kali/DroidForensix/samples/malware/androzoo_drebin/GinMaster_536a6084656a2d58e81a88ecfe0a0d050a4a5794f65cbc09170646c3e4c0dc0c.apk,GinMaster,filename_prefix
malware_high,54ece852176437e02ce2400e48c5545d32a5d69adee4a66a337ba98c67aea94e,Adsms_54ece852176437e02ce2400e48c5545d32a5d69adee4a66a337ba98c67aea94e.apk,AndroZoo-Drebin,yes,Adsms,high,38,vt_consensus_38,virustotal,Adsms,38,confirmed_external,analyzed,,/home/kali/DroidForensix/samples/malware/androzoo_drebin/Adsms_54ece852176437e02ce2400e48c5545d32a5d69adee4a66a337ba98c67aea94e.apk,Adsms,filename_prefix
malware_high,54f2a636e000c55bb725d7e552a22117837c1676fb4b96decd135ae10e6f7049,BaseBridge_54f2a636e000c55bb725d7e552a22117837c1676fb4b96decd135ae10e6f7049.apk,AndroZoo-Drebin,yes,BaseBridge,high,42,existing:gt_json,virustotal,Exploit,48,confirmed_external,analyzed,,/home/kali/DroidForensix/samples/malware/androzoo_drebin/BaseBridge_54f2a636e000c55bb725d7e552a22117837c1676fb4b96decd135ae10e6f7049.apk,BaseBridge,filename_prefix
malware_high,5606655728a5e64d3c2229deb831d087605a1362fd545dc5d7a93961bf1c7825,Opfake_5606655728a5e64d3c2229deb831d087605a1362fd545dc5d7a93961bf1c7825.apk,AndroZoo-Drebin,yes,a,high,38,vt_consensus_38,virustotal,a,38,confirmed_external,analyzed,,/home/kali/DroidForensix/samples/malware/androzoo_drebin/Opfake_5606655728a5e64d3c2229deb831d087605a1362fd545dc5d7a93961bf1c7825.apk,Opfake,filename_prefix
malware_high,562c92478e7cf5790e6bd8d706c51d9178ea1bd58537575f03edbbb427f54fc9,DroidKungFu_562c92478e7cf5790e6bd8d706c51d9178ea1bd58537575f03edbbb427f54fc9.apk,AndroZoo-Drebin,yes,DroidKungFu,high,42,vt_consensus_42,virustotal,DroidKungFu,42,confirmed_external,analyzed,,/home/kali/DroidForensix/samples/malware/androzoo_drebin/DroidKungFu_562c92478e7cf5790e6bd8d706c51d9178ea1bd58537575f03edbbb427f54fc9.apk,DroidKungFu,filename_prefix
malware_high,584efe8d1449e1d03b30e08a9abf916c510628ae6950da11e195a22653190d48,Kmin_584efe8d1449e1d03b30e08a9abf916c510628ae6950da11e195a22653190d48.apk,AndroZoo-Drebin,yes,Kmin,high,35,existing:gt_json,virustotal,Kmin,37,confirmed_external,analyzed,,/home/kali/DroidForensix/samples/malware/androzoo_drebin/Kmin_584efe8d1449e1d03b30e08a9abf916c510628ae6950da11e195a22653190d48.apk,Kmin,filename_prefix
malware_high,5b6f0757e98303cf337d10b6f8c7378bdfd4de30dea624545207dd01a85b6c37,BaseBridge_5b6f0757e98303cf337d10b6f8c7378bdfd4de30dea624545207dd01a85b6c37.apk,AndroZoo-Drebin,yes,BaseBridge,high,35,existing:gt_json,virustotal,Backdoor,39,confirmed_external,analyzed,,/home/kali/DroidForensix/samples/malware/androzoo_drebin/BaseBridge_5b6f0757e98303cf337d10b6f8c7378bdfd4de30dea624545207dd01a85b6c37.apk,BaseBridge,filename_prefix
malware_high,5e7116ea24dee71abac470b432a62c41e0fd680663162a486ab2b6fe25ccf367,FakeInstaller_5e7116ea24dee71abac470b432a62c41e0fd680663162a486ab2b6fe25ccf367.apk,AndroZoo-Drebin,yes,FakeInst,high,37,vt_consensus_37,virustotal,FakeInst,37,confirmed_external,analyzed,,/home/kali/DroidForensix/samples/malware/androzoo_drebin/FakeInstaller_5e7116ea24dee71abac470b432a62c41e0fd680663162a486ab2b6fe25ccf367.apk,FakeInstaller,filename_prefix
malware_high,5e82d73a3b2d4df192d674729f9578c4081d5096d5e3641bf8b233e1bee248d4,Adrd_5e82d73a3b2d4df192d674729f9578c4081d5096d5e3641bf8b233e1bee248d4.apk,AndroZoo-Drebin,yes,Adrd,high,31,existing:gt_json,virustotal,Adrd,37,confirmed_external,analyzed,,/home/kali/DroidForensix/samples/malware/androzoo_drebin/Adrd_5e82d73a3b2d4df192d674729f9578c4081d5096d5e3641bf8b233e1bee248d4.apk,Adrd,filename_prefix
malware_high,5f208d88f5cefaa967d5e9320f2875de3ca8fada870ab83c1fe20c01558f85b1,FakeInstaller_5f208d88f5cefaa967d5e9320f2875de3ca8fada870ab83c1fe20c01558f85b1.apk,AndroZoo-Drebin,yes,FakeInstaller,high,31,existing:gt_json,virustotal,FakeInst,37,confirmed_external,analyzed,,/home/kali/DroidForensix/samples/malware/androzoo_drebin/FakeInstaller_5f208d88f5cefaa967d5e9320f2875de3ca8fada870ab83c1fe20c01558f85b1.apk,FakeInstaller,filename_prefix
malware_high,63371a25c79264de99fb9f55dee9f893625b8f2b3e8ea97da43e60518aee8509,Plankton_63371a25c79264de99fb9f55dee9f893625b8f2b3e8ea97da43e60518aee8509.apk,AndroZoo-Drebin,yes,Adware,high,31,vt_consensus_31,virustotal,Adware,31,confirmed_external,analyzed,,/home/kali/DroidForensix/samples/malware/androzoo_drebin/Plankton_63371a25c79264de99fb9f55dee9f893625b8f2b3e8ea97da43e60518aee8509.apk,Plankton,filename_prefix
malware_high,64ab7a8e612d8d60c1c4cc8ce1b4ace4aafcec7e1f5239894f2b214b094fa1b1,DroidKungFu_64ab7a8e612d8d60c1c4cc8ce1b4ace4aafcec7e1f5239894f2b214b094fa1b1.apk,AndroZoo-Drebin,yes,a,high,41,vt_consensus_41,virustotal,a,41,confirmed_external,analyzed,,/home/kali/DroidForensix/samples/malware/androzoo_drebin/DroidKungFu_64ab7a8e612d8d60c1c4cc8ce1b4ace4aafcec7e1f5239894f2b214b094fa1b1.apk,DroidKungFu,filename_prefix
malware_high,65ac82b8d756a548760f16e1c8671197716f5b7b1bdfb72f1adce34e0aec4824,BaseBridge_65ac82b8d756a548760f16e1c8671197716f5b7b1bdfb72f1adce34e0aec4824.apk,AndroZoo-Drebin,yes,BaseBridge,high,48,vt_consensus_48,virustotal,BaseBridge,48,confirmed_external,analyzed,,/home/kali/DroidForensix/samples/malware/androzoo_drebin/BaseBridge_65ac82b8d756a548760f16e1c8671197716f5b7b1bdfb72f1adce34e0aec4824.apk,BaseBridge,filename_prefix
malware_high,66ea10f2bc2445ad8ce43dca11ba2ea4968633c1ce21b5a2ac5f1c647db5ffcd,Plankton_66ea10f2bc2445ad8ce43dca11ba2ea4968633c1ce21b5a2ac5f1c647db5ffcd.apk,AndroZoo-Drebin,yes,Plankton,high,31,existing:gt_json,virustotal,Adware,36,confirmed_external,analyzed,,/home/kali/DroidForensix/samples/malware/androzoo_drebin/Plankton_66ea10f2bc2445ad8ce43dca11ba2ea4968633c1ce21b5a2ac5f1c647db5ffcd.apk,Plankton,filename_prefix
malware_high,6725dfc3cb9b8f2103ebb129f0d4816ae836c15103229e8fda0151aa390d33ad,Opfake_6725dfc3cb9b8f2103ebb129f0d4816ae836c15103229e8fda0151aa390d33ad.apk,AndroZoo-Drebin,yes,Opfake,high,35,vt_consensus_35,virustotal,Opfake,35,confirmed_external,analyzed,,/home/kali/DroidForensix/samples/malware/androzoo_drebin/Opfake_6725dfc3cb9b8f2103ebb129f0d4816ae836c15103229e8fda0151aa390d33ad.apk,Opfake,filename_prefix
malware_high,6827b5683119738e2b75c6640e59ff6d4d51b50618f239f41f1bd86687de573e,FakeInstaller_6827b5683119738e2b75c6640e59ff6d4d51b50618f239f41f1bd86687de573e.apk,AndroZoo-Drebin,yes,FakeInst,high,39,vt_consensus_39,virustotal,FakeInst,39,confirmed_external,analyzed,,/home/kali/DroidForensix/samples/malware/androzoo_drebin/FakeInstaller_6827b5683119738e2b75c6640e59ff6d4d51b50618f239f41f1bd86687de573e.apk,FakeInstaller,filename_prefix
malware_high,6832234c4eae7a57be4f68271b7eecb056c4cd8352c67d2273d676208118871d,FakeDoc_6832234c4eae7a57be4f68271b7eecb056c4cd8352c67d2273d676208118871d.apk,AndroZoo-Drebin,yes,FakeDoc,high,31,existing:gt_json,virustotal,FakeDoc,34,confirmed_external,analyzed,,/home/kali/DroidForensix/samples/malware/androzoo_drebin/FakeDoc_6832234c4eae7a57be4f68271b7eecb056c4cd8352c67d2273d676208118871d.apk,FakeDoc,filename_prefix
malware_high,6a01a9e0fc20d47835fd19d732af97fc4a2d68e1f735f4cdea7d4eeb03fcf582,FakeInstaller_6a01a9e0fc20d47835fd19d732af97fc4a2d68e1f735f4cdea7d4eeb03fcf582.apk,AndroZoo-Drebin,yes,FakeInst,high,39,vt_consensus_39,virustotal,FakeInst,39,confirmed_external,analyzed,,/home/kali/DroidForensix/samples/malware/androzoo_drebin/FakeInstaller_6a01a9e0fc20d47835fd19d732af97fc4a2d68e1f735f4cdea7d4eeb03fcf582.apk,FakeInstaller,filename_prefix
malware_high,6a02832c97ad6c0f2ddb813acb52ef002ef616be2a7ded5a0a69b7dbdf2f7aff,GinMaster_6a02832c97ad6c0f2ddb813acb52ef002ef616be2a7ded5a0a69b7dbdf2f7aff.apk,AndroZoo-Drebin,yes,GinMaster,high,37,vt_consensus_37,virustotal,GinMaster,37,confirmed_external,analyzed,,/home/kali/DroidForensix/samples/malware/androzoo_drebin/GinMaster_6a02832c97ad6c0f2ddb813acb52ef002ef616be2a7ded5a0a69b7dbdf2f7aff.apk,GinMaster,filename_prefix
malware_high,6acc850988883adc4a5129ea711f3f176815e4eb210ecc9f8db643d15ca9c8d9,Iconosys_6acc850988883adc4a5129ea711f3f176815e4eb210ecc9f8db643d15ca9c8d9.apk,AndroZoo-Drebin,yes,Iconosys,high,31,existing:gt_json,virustotal,Iconosys,29,confirmed_external,analyzed,,/home/kali/DroidForensix/samples/malware/androzoo_drebin/Iconosys_6acc850988883adc4a5129ea711f3f176815e4eb210ecc9f8db643d15ca9c8d9.apk,Iconosys,filename_prefix
malware_high,6c1ed581a3843a9cbe7a864bff72cf2ad914733dc90fea105f66ab5c6e24b2c8,BaseBridge_6c1ed581a3843a9cbe7a864bff72cf2ad914733dc90fea105f66ab5c6e24b2c8.apk,AndroZoo-Drebin,yes,BaseBridge,high,48,vt_consensus_48,virustotal,BaseBridge,48,confirmed_external,analyzed,,/home/kali/DroidForensix/samples/malware/androzoo_drebin/BaseBridge_6c1ed581a3843a9cbe7a864bff72cf2ad914733dc90fea105f66ab5c6e24b2c8.apk,BaseBridge,filename_prefix
malware_high,6d8f8367ea6b2360cde4a53a450216adec54228d63840bf5471a746697399699,ExploitLinuxLotoor_6d8f8367ea6b2360cde4a53a450216adec54228d63840bf5471a746697399699.apk,AndroZoo-Drebin,yes,Exploit,high,48,vt_consensus_48,virustotal,Exploit,48,confirmed_external,analyzed,,/home/kali/DroidForensix/samples/malware/androzoo_drebin/ExploitLinuxLotoor_6d8f8367ea6b2360cde4a53a450216adec54228d63840bf5471a746697399699.apk,ExploitLinuxLotoor,filename_prefix
malware_high,6e9848008c42128623d1077f0cc75c0861e2b3d0fb76e68c5fc9ec8f69361572,FakeRun_6e9848008c42128623d1077f0cc75c0861e2b3d0fb76e68c5fc9ec8f69361572.apk,AndroZoo-Drebin,yes,FakeRun,high,36,existing:gt_json,virustotal,AirPush,36,confirmed_external,analyzed,,/home/kali/DroidForensix/samples/malware/androzoo_drebin/FakeRun_6e9848008c42128623d1077f0cc75c0861e2b3d0fb76e68c5fc9ec8f69361572.apk,FakeRun,filename_prefix
malware_high,73b2fd2dfb5860f0701b16002832987d5edcfe059df454d30548aa4fa45bebe6,Opfake_73b2fd2dfb5860f0701b16002832987d5edcfe059df454d30548aa4fa45bebe6.apk,AndroZoo-Drebin,yes,Opfake,high,33,existing:gt_json,virustotal,Opfake,38,confirmed_external,analyzed,,/home/kali/DroidForensix/samples/malware/androzoo_drebin/Opfake_73b2fd2dfb5860f0701b16002832987d5edcfe059df454d30548aa4fa45bebe6.apk,Opfake,filename_prefix
malware_high,74611134257de9e9f549d445d19d465afeb1af34399683ff04303a11ecf643fc,SmForw_74611134257de9e9f549d445d19d465afeb1af34399683ff04303a11ecf643fc.apk,AndroZoo-Drebin,yes,SmForw,high,27,existing:gt_json,virustotal,AndroidOS,27,confirmed_external,analyzed,,/home/kali/DroidForensix/samples/malware/androzoo_drebin/SmForw_74611134257de9e9f549d445d19d465afeb1af34399683ff04303a11ecf643fc.apk,SmForw,filename_prefix
malware_high,75b06872276a85812c28398d125938fc420fa84774576ea8221592db612cb1b2,Plankton_75b06872276a85812c28398d125938fc420fa84774576ea8221592db612cb1b2.apk,AndroZoo-Drebin,yes,AndroidOS,high,34,vt_consensus_34,virustotal,AndroidOS,34,confirmed_external,analyzed,,/home/kali/DroidForensix/samples/malware/androzoo_drebin/Plankton_75b06872276a85812c28398d125938fc420fa84774576ea8221592db612cb1b2.apk,Plankton,filename_prefix
malware_high,80ae30136ea55e936c66cd61cbf1de428d8d20d76fec06c1e4c0217472e6e089,DroidKungFu_80ae30136ea55e936c66cd61cbf1de428d8d20d76fec06c1e4c0217472e6e089.apk,AndroZoo-Drebin,yes,KungFu,high,43,vt_consensus_43,virustotal,KungFu,43,confirmed_external,analyzed,,/home/kali/DroidForensix/samples/malware/androzoo_drebin/DroidKungFu_80ae30136ea55e936c66cd61cbf1de428d8d20d76fec06c1e4c0217472e6e089.apk,DroidKungFu,filename_prefix
malware_high,844bd3f253433ee713fd1b0b8f09db675b3b257c3677723a57713a547c6de177,GinMaster_844bd3f253433ee713fd1b0b8f09db675b3b257c3677723a57713a547c6de177.apk,AndroZoo-Drebin,yes,GinMaster,high,38,vt_consensus_38,virustotal,GinMaster,38,confirmed_external,analyzed,,/home/kali/DroidForensix/samples/malware/androzoo_drebin/GinMaster_844bd3f253433ee713fd1b0b8f09db675b3b257c3677723a57713a547c6de177.apk,GinMaster,filename_prefix
malware_high,849ed093a737a2ec02968f739510b45c60deb418afcc21ef76f1195820288297,Imlog_849ed093a737a2ec02968f739510b45c60deb418afcc21ef76f1195820288297.apk,AndroZoo-Drebin,yes,Imlog,high,36,vt_consensus_36,virustotal,Imlog,36,confirmed_external,analyzed,,/home/kali/DroidForensix/samples/malware/androzoo_drebin/Imlog_849ed093a737a2ec02968f739510b45c60deb418afcc21ef76f1195820288297.apk,Imlog,filename_prefix
malware_high,85cafe005c7f893cae65fa0a5ebf1c103eca579529ebd5d531c672408acdb9d0,DroidKungFu_85cafe005c7f893cae65fa0a5ebf1c103eca579529ebd5d531c672408acdb9d0.apk,AndroZoo-Drebin,yes,KungFu,high,48,vt_consensus_48,virustotal,Linux,48,confirmed_external,analyzed,,/home/kali/DroidForensix/samples/malware/androzoo_drebin/DroidKungFu_85cafe005c7f893cae65fa0a5ebf1c103eca579529ebd5d531c672408acdb9d0.apk,DroidKungFu,filename_prefix
malware_high,8731cb0a474a85085729d37a5bb21e2c9073f3d261e6b33374cd9233a85b1228,FakeInstaller_8731cb0a474a85085729d37a5bb21e2c9073f3d261e6b33374cd9233a85b1228.apk,AndroZoo-Drebin,yes,FakeInstaller,high,32,existing:gt_json,virustotal,FakeInst,38,confirmed_external,analyzed,,/home/kali/DroidForensix/samples/malware/androzoo_drebin/FakeInstaller_8731cb0a474a85085729d37a5bb21e2c9073f3d261e6b33374cd9233a85b1228.apk,FakeInstaller,filename_prefix
malware_high,877ab7dbbef2267a39513d1ad777b5c469f76f2a110be547100cb339d76a3f1f,BaseBridge_877ab7dbbef2267a39513d1ad777b5c469f76f2a110be547100cb339d76a3f1f.apk,AndroZoo-Drebin,yes,Backdoor,high,41,vt_consensus_41,virustotal,Backdoor,41,confirmed_external,analyzed,,/home/kali/DroidForensix/samples/malware/androzoo_drebin/BaseBridge_877ab7dbbef2267a39513d1ad777b5c469f76f2a110be547100cb339d76a3f1f.apk,BaseBridge,filename_prefix
malware_high,8fdca3a8808a792abaabd8a49985555ae321357f6cc0326e6182fe50f55c6118,Penetho_8fdca3a8808a792abaabd8a49985555ae321357f6cc0326e6182fe50f55c6118.apk,AndroZoo-Drebin,yes,Hacktool,high,36,vt_consensus_36,virustotal,Hacktool,36,confirmed_external,analyzed,,/home/kali/DroidForensix/samples/malware/androzoo_drebin/Penetho_8fdca3a8808a792abaabd8a49985555ae321357f6cc0326e6182fe50f55c6118.apk,Penetho,filename_prefix
malware_high,8fdd17e520f7c2ac1924ef3806d85aadf3e969418578ff0b7ea245af93a16315,FakeInstaller_8fdd17e520f7c2ac1924ef3806d85aadf3e969418578ff0b7ea245af93a16315.apk,AndroZoo-Drebin,yes,FakeInstaller,high,31,existing:gt_json,virustotal,Boxer,27,confirmed_external,analyzed,,/home/kali/DroidForensix/samples/malware/androzoo_drebin/FakeInstaller_8fdd17e520f7c2ac1924ef3806d85aadf3e969418578ff0b7ea245af93a16315.apk,FakeInstaller,filename_prefix
malware_high,908ed30161b44d20bb4e286de7fb8203b2b8a2a807c6638ee9d9830de3a0f913,SendPay_908ed30161b44d20bb4e286de7fb8203b2b8a2a807c6638ee9d9830de3a0f913.apk,AndroZoo-Drebin,yes,AndroidOS,high,41,vt_consensus_38,virustotal,AndroidOS,38,confirmed_external,analyzed,,/home/kali/DroidForensix/samples/malware/androzoo_drebin/SendPay_908ed30161b44d20bb4e286de7fb8203b2b8a2a807c6638ee9d9830de3a0f913.apk,SendPay,filename_prefix
malware_high,9508ff9b7bdc06a220ba132eecf2d35bee47072ed9bff82fb24bc0e110ab1652,Iconosys_9508ff9b7bdc06a220ba132eecf2d35bee47072ed9bff82fb24bc0e110ab1652.apk,AndroZoo-Drebin,yes,Iconosys,high,30,existing:gt_json,virustotal,Iconosys,36,confirmed_external,analyzed,,/home/kali/DroidForensix/samples/malware/androzoo_drebin/Iconosys_9508ff9b7bdc06a220ba132eecf2d35bee47072ed9bff82fb24bc0e110ab1652.apk,Iconosys,filename_prefix
malware_high,97b0f46920e69a0aa5abe2284fe1e7bf9d2efa7ecfb4a29a7ba9b8a92e92c0c9,DroidKungFu_97b0f46920e69a0aa5abe2284fe1e7bf9d2efa7ecfb4a29a7ba9b8a92e92c0c9.apk,AndroZoo-Drebin,yes,DroidKungFu,high,41,vt_consensus_41,virustotal,DroidKungFu,41,confirmed_external,analyzed,,/home/kali/DroidForensix/samples/malware/androzoo_drebin/DroidKungFu_97b0f46920e69a0aa5abe2284fe1e7bf9d2efa7ecfb4a29a7ba9b8a92e92c0c9.apk,DroidKungFu,filename_prefix
malware_high,9a7534768302bdafa51f7abc698639eb23bb38a8c41a362f41b182ae9171969a,Imlog_9a7534768302bdafa51f7abc698639eb23bb38a8c41a362f41b182ae9171969a.apk,AndroZoo-Drebin,yes,Imlog,high,36,vt_consensus_36,virustotal,Imlog,36,confirmed_external,analyzed,,/home/kali/DroidForensix/samples/malware/androzoo_drebin/Imlog_9a7534768302bdafa51f7abc698639eb23bb38a8c41a362f41b182ae9171969a.apk,Imlog,filename_prefix
malware_high,a022c24d8295dee70c0f090e4328063971170c33f7bf313b4debbc51d1a2b127,Adrd_a022c24d8295dee70c0f090e4328063971170c33f7bf313b4debbc51d1a2b127.apk,AndroZoo-Drebin,yes,GinMaster,high,45,existing:gt_json,virustotal,AndroidOS,42,confirmed_external,analyzed,,/home/kali/DroidForensix/samples/malware/androzoo_drebin/Adrd_a022c24d8295dee70c0f090e4328063971170c33f7bf313b4debbc51d1a2b127.apk,Adrd,filename_prefix
malware_high,a023fa166051294fe5a569f26092588fdf24a060de46e5cd5be9a5c5bb3b0204,DroidKungFu_a023fa166051294fe5a569f26092588fdf24a060de46e5cd5be9a5c5bb3b0204.apk,AndroZoo-Drebin,yes,DroidKungFu,high,42,vt_consensus_42,virustotal,Backdoor,42,confirmed_external,analyzed,,/home/kali/DroidForensix/samples/malware/androzoo_drebin/DroidKungFu_a023fa166051294fe5a569f26092588fdf24a060de46e5cd5be9a5c5bb3b0204.apk,DroidKungFu,filename_prefix
malware_high,a0bffc11168c65beb59c326d88f144f0d750634252a507ffe039c84e354e3704,SendPay_a0bffc11168c65beb59c326d88f144f0d750634252a507ffe039c84e354e3704.apk,AndroZoo-Drebin,yes,A,high,38,vt_consensus_37,virustotal,A,37,confirmed_external,analyzed,,/home/kali/DroidForensix/samples/malware/androzoo_drebin/SendPay_a0bffc11168c65beb59c326d88f144f0d750634252a507ffe039c84e354e3704.apk,SendPay,filename_prefix
malware_high,a15419356485660f68b50027abc76a052d34427b45eebb23573294c21d834eaa,Opfake_a15419356485660f68b50027abc76a052d34427b45eebb23573294c21d834eaa.apk,AndroZoo-Drebin,yes,Opfake,high,36,vt_consensus_36,virustotal,Opfake,36,confirmed_external,analyzed,,/home/kali/DroidForensix/samples/malware/androzoo_drebin/Opfake_a15419356485660f68b50027abc76a052d34427b45eebb23573294c21d834eaa.apk,Opfake,filename_prefix
malware_high,a1ba273a24f92e4936005f0f7c5b895e07d974b11516bcad50d6077bf3a8f868,Kmin_a1ba273a24f92e4936005f0f7c5b895e07d974b11516bcad50d6077bf3a8f868.apk,AndroZoo-Drebin,yes,Kmin,high,38,vt_consensus_38,virustotal,Kmin,38,confirmed_external,analyzed,,/home/kali/DroidForensix/samples/malware/androzoo_drebin/Kmin_a1ba273a24f92e4936005f0f7c5b895e07d974b11516bcad50d6077bf3a8f868.apk,Kmin,filename_prefix
malware_high,a1e9f466900002ef2efba2e1b95178421d28d64635b1c78791c3a6c8159c7be4,GinMaster_a1e9f466900002ef2efba2e1b95178421d28d64635b1c78791c3a6c8159c7be4.apk,AndroZoo-Drebin,yes,GinMaster,high,31,existing:gt_json,virustotal,Backdoor,34,confirmed_external,analyzed,,/home/kali/DroidForensix/samples/malware/androzoo_drebin/GinMaster_a1e9f466900002ef2efba2e1b95178421d28d64635b1c78791c3a6c8159c7be4.apk,GinMaster,filename_prefix
malware_high,a3cd2d8dab7ced749a29307797a0dfefe238864b1f5bf6bafdf6e66c30c009b6,GinMaster_a3cd2d8dab7ced749a29307797a0dfefe238864b1f5bf6bafdf6e66c30c009b6.apk,AndroZoo-Drebin,yes,GinMaster,high,32,existing:gt_json,virustotal,GinMaster,40,confirmed_external,analyzed,,/home/kali/DroidForensix/samples/malware/androzoo_drebin/GinMaster_a3cd2d8dab7ced749a29307797a0dfefe238864b1f5bf6bafdf6e66c30c009b6.apk,GinMaster,filename_prefix
malware_high,a83a003b989c2dcd12fb0f80dfd458a099f33c1a1f052b2c53ece5f719063495,GinMaster_a83a003b989c2dcd12fb0f80dfd458a099f33c1a1f052b2c53ece5f719063495.apk,AndroZoo-Drebin,yes,Backdoor,high,37,vt_consensus_37,virustotal,Backdoor,37,confirmed_external,analyzed,,/home/kali/DroidForensix/samples/malware/androzoo_drebin/GinMaster_a83a003b989c2dcd12fb0f80dfd458a099f33c1a1f052b2c53ece5f719063495.apk,GinMaster,filename_prefix
malware_high,a945198c086ad3fe0c5dbbce5ef410ea12986c9c160295d76be881c5f8ae0880,FakeRun_a945198c086ad3fe0c5dbbce5ef410ea12986c9c160295d76be881c5f8ae0880.apk,AndroZoo-Drebin,yes,FakeRun,high,36,vt_consensus_36,virustotal,FakeRun,36,confirmed_external,analyzed,,/home/kali/DroidForensix/samples/malware/androzoo_drebin/FakeRun_a945198c086ad3fe0c5dbbce5ef410ea12986c9c160295d76be881c5f8ae0880.apk,FakeRun,filename_prefix
malware_high,aa8127463312dac0158e74d56a3e3c2f50d9cf98c09942a27cf95081348874a3,Plankton_aa8127463312dac0158e74d56a3e3c2f50d9cf98c09942a27cf95081348874a3.apk,AndroZoo-Drebin,yes,Plankton,high,35,vt_consensus_35,virustotal,Adware,35,confirmed_external,analyzed,,/home/kali/DroidForensix/samples/malware/androzoo_drebin/Plankton_aa8127463312dac0158e74d56a3e3c2f50d9cf98c09942a27cf95081348874a3.apk,Plankton,filename_prefix
malware_high,b0861e7d9dbcd63679ccef606b67ad0ef0283f4a7cb14efe14716fbad328cf5b,FakeDoc_b0861e7d9dbcd63679ccef606b67ad0ef0283f4a7cb14efe14716fbad328cf5b.apk,AndroZoo-Drebin,yes,FakeDoc,high,34,vt_consensus_34,virustotal,FakeDoc,34,confirmed_external,analyzed,,/home/kali/DroidForensix/samples/malware/androzoo_drebin/FakeDoc_b0861e7d9dbcd63679ccef606b67ad0ef0283f4a7cb14efe14716fbad328cf5b.apk,FakeDoc,filename_prefix
malware_high,b439f642007bd707ac806ba3f71e7b2a022e261fbd9b5dd3882afd8664db98c4,Imlog_b439f642007bd707ac806ba3f71e7b2a022e261fbd9b5dd3882afd8664db98c4.apk,AndroZoo-Drebin,yes,Imlog,high,33,existing:gt_json,virustotal,Imlog,35,confirmed_external,analyzed,,/home/kali/DroidForensix/samples/malware/androzoo_drebin/Imlog_b439f642007bd707ac806ba3f71e7b2a022e261fbd9b5dd3882afd8664db98c4.apk,Imlog,filename_prefix
malware_high,b8ed964e21a6f480dccb593f85854b835f0693472c5857d52af3efa5a4cc244b,DroidKungFu_b8ed964e21a6f480dccb593f85854b835f0693472c5857d52af3efa5a4cc244b.apk,AndroZoo-Drebin,yes,KungFu,high,37,vt_consensus_37,virustotal,KungFu,37,confirmed_external,analyzed,,/home/kali/DroidForensix/samples/malware/androzoo_drebin/DroidKungFu_b8ed964e21a6f480dccb593f85854b835f0693472c5857d52af3efa5a4cc244b.apk,DroidKungFu,filename_prefix
malware_high,bc377ac35e40f0a9d233d5c985804c99396a45dc5dd45a2c8e134a458b05241c,DroidKungFu_bc377ac35e40f0a9d233d5c985804c99396a45dc5dd45a2c8e134a458b05241c.apk,AndroZoo-Drebin,yes,DroidKungFu,high,40,vt_consensus_40,virustotal,DroidKungFu,40,confirmed_external,analyzed,,/home/kali/DroidForensix/samples/malware/androzoo_drebin/DroidKungFu_bc377ac35e40f0a9d233d5c985804c99396a45dc5dd45a2c8e134a458b05241c.apk,DroidKungFu,filename_prefix
malware_high,bcf129023a712e3ab8a8f6d67e74e7914550ffa8e718b0939b7d5238d8b69863,FakeInstaller_bcf129023a712e3ab8a8f6d67e74e7914550ffa8e718b0939b7d5238d8b69863.apk,AndroZoo-Drebin,yes,FakeInstaller,high,34,existing:gt_json,virustotal,FakeInst,37,confirmed_external,analyzed,,/home/kali/DroidForensix/samples/malware/androzoo_drebin/FakeInstaller_bcf129023a712e3ab8a8f6d67e74e7914550ffa8e718b0939b7d5238d8b69863.apk,FakeInstaller,filename_prefix
malware_high,be4ada35dec3ef666681ddcf440be04f370067ee588734cabf630295742d1fd9,DroidKungFu_be4ada35dec3ef666681ddcf440be04f370067ee588734cabf630295742d1fd9.apk,AndroZoo-Drebin,yes,Linux,high,49,vt_consensus_49,virustotal,Linux,49,confirmed_external,analyzed,,/home/kali/DroidForensix/samples/malware/androzoo_drebin/DroidKungFu_be4ada35dec3ef666681ddcf440be04f370067ee588734cabf630295742d1fd9.apk,DroidKungFu,filename_prefix
malware_high,bedf51a5732d94c173bcd8ed918333954f5a78307c2a2f064b97b43278330f54,DroidKungFu_bedf51a5732d94c173bcd8ed918333954f5a78307c2a2f064b97b43278330f54.apk,AndroZoo-Drebin,yes,DroidKungFu,high,33,existing:gt_json,virustotal,KungFu,43,confirmed_external,analyzed,,/home/kali/DroidForensix/samples/malware/androzoo_drebin/DroidKungFu_bedf51a5732d94c173bcd8ed918333954f5a78307c2a2f064b97b43278330f54.apk,DroidKungFu,filename_prefix
malware_high,beeeb3cafc0ea246cc6dd82d82489621414d6cab9ceb50e70fd9835f5733178c,Spitmo_beeeb3cafc0ea246cc6dd82d82489621414d6cab9ceb50e70fd9835f5733178c.apk,AndroZoo-Drebin,yes,Spitmo,high,34,existing:gt_json,virustotal,Spitmo,37,confirmed_external,analyzed,,/home/kali/DroidForensix/samples/malware/androzoo_drebin/Spitmo_beeeb3cafc0ea246cc6dd82d82489621414d6cab9ceb50e70fd9835f5733178c.apk,Spitmo,filename_prefix
malware_high,bfd3204c603ef403a2f9bcc172a368764b7b87e7d72e3dfd1d3dfb53f77215ad,SendPay_bfd3204c603ef403a2f9bcc172a368764b7b87e7d72e3dfd1d3dfb53f77215ad.apk,AndroZoo-Drebin,yes,SendPay,high,35,vt_consensus_35,virustotal,SendPay,35,confirmed_external,analyzed,,/home/kali/DroidForensix/samples/malware/androzoo_drebin/SendPay_bfd3204c603ef403a2f9bcc172a368764b7b87e7d72e3dfd1d3dfb53f77215ad.apk,SendPay,filename_prefix
malware_high,c2c1902b3021355c1619b281875da45fe8a3f0dc26f35c4129e44de3fc3ea810,BaseBridge_c2c1902b3021355c1619b281875da45fe8a3f0dc26f35c4129e44de3fc3ea810.apk,AndroZoo-Drebin,yes,Backdoor,high,41,vt_consensus_41,virustotal,Backdoor,41,confirmed_external,analyzed,,/home/kali/DroidForensix/samples/malware/androzoo_drebin/BaseBridge_c2c1902b3021355c1619b281875da45fe8a3f0dc26f35c4129e44de3fc3ea810.apk,BaseBridge,filename_prefix
malware_high,c525bb9b2f30926c971e1ac68100871d2aa82bad87ee05a1fe2e6e83a1dce1fd,Kmin_c525bb9b2f30926c971e1ac68100871d2aa82bad87ee05a1fe2e6e83a1dce1fd.apk,AndroZoo-Drebin,yes,Kmin,high,34,existing:gt_json,virustotal,Kmin,36,confirmed_external,analyzed,,/home/kali/DroidForensix/samples/malware/androzoo_drebin/Kmin_c525bb9b2f30926c971e1ac68100871d2aa82bad87ee05a1fe2e6e83a1dce1fd.apk,Kmin,filename_prefix
malware_high,c699d9b9896d4842c16e418bdff5d7d18c99a102da111880fa455fc1a39bba5a,DroidDream_c699d9b9896d4842c16e418bdff5d7d18c99a102da111880fa455fc1a39bba5a.apk,AndroZoo-Drebin,yes,DroidDream,high,30,existing:gt_json,virustotal,Lightdd,40,confirmed_external,analyzed,,/home/kali/DroidForensix/samples/malware/androzoo_drebin/DroidDream_c699d9b9896d4842c16e418bdff5d7d18c99a102da111880fa455fc1a39bba5a.apk,DroidDream,filename_prefix
malware_high,c8bb60d2a82e7f1991fb2ad3e5797cf53117e0d36f64e9ca49dd1682654ec735,FakeInstaller_c8bb60d2a82e7f1991fb2ad3e5797cf53117e0d36f64e9ca49dd1682654ec735.apk,AndroZoo-Drebin,yes,FakeInst,high,47,vt_consensus_47,virustotal,FakeInst,47,confirmed_external,analyzed,,/home/kali/DroidForensix/samples/malware/androzoo_drebin/FakeInstaller_c8bb60d2a82e7f1991fb2ad3e5797cf53117e0d36f64e9ca49dd1682654ec735.apk,FakeInstaller,filename_prefix
malware_high,ccb7b86f0563408816e3ceaedc0b79cf8d48977fcf77c389e4d0db9be8cd28f1,FakeInstaller_ccb7b86f0563408816e3ceaedc0b79cf8d48977fcf77c389e4d0db9be8cd28f1.apk,AndroZoo-Drebin,yes,FakeInst,high,39,vt_consensus_39,virustotal,FakeInst,39,confirmed_external,analyzed,,/home/kali/DroidForensix/samples/malware/androzoo_drebin/FakeInstaller_ccb7b86f0563408816e3ceaedc0b79cf8d48977fcf77c389e4d0db9be8cd28f1.apk,FakeInstaller,filename_prefix
malware_high,ce312487b225fbd0ed8216bdc75058fd6032e60b74e8c0334e0d8d3c01e975c1,Lemon_ce312487b225fbd0ed8216bdc75058fd6032e60b74e8c0334e0d8d3c01e975c1.apk,AndroZoo-Drebin,yes,Lemon,high,32,vt_consensus_32,virustotal,Lemon,32,confirmed_external,analyzed,,/home/kali/DroidForensix/samples/malware/androzoo_drebin/Lemon_ce312487b225fbd0ed8216bdc75058fd6032e60b74e8c0334e0d8d3c01e975c1.apk,Lemon,filename_prefix
malware_high,d2588ff4362c7532a31beea1acbe156cc8ff63fc571387c9954b09bfcd3ab2a2,Opfake_d2588ff4362c7532a31beea1acbe156cc8ff63fc571387c9954b09bfcd3ab2a2.apk,AndroZoo-Drebin,yes,Opfake,high,34,vt_consensus_34,virustotal,Opfake,34,confirmed_external,analyzed,,/home/kali/DroidForensix/samples/malware/androzoo_drebin/Opfake_d2588ff4362c7532a31beea1acbe156cc8ff63fc571387c9954b09bfcd3ab2a2.apk,Opfake,filename_prefix
malware_high,d406875062926f8a66fec10b45ab924193faa7fd8a01667d4aacb41387c4185d,Hamob_d406875062926f8a66fec10b45ab924193faa7fd8a01667d4aacb41387c4185d.apk,AndroZoo-Drebin,yes,Hamob,high,30,vt_consensus_30,virustotal,Hamob,30,confirmed_external,analyzed,,/home/kali/DroidForensix/samples/malware/androzoo_drebin/Hamob_d406875062926f8a66fec10b45ab924193faa7fd8a01667d4aacb41387c4185d.apk,Hamob,filename_prefix
malware_high,d44d9cef26adf2c20c4bdb0d950e13507f8fad0bed8c10812d99e2463e563d66,Opfake_d44d9cef26adf2c20c4bdb0d950e13507f8fad0bed8c10812d99e2463e563d66.apk,AndroZoo-Drebin,yes,Opfake,high,34,vt_consensus_34,virustotal,Opfake,34,confirmed_external,analyzed,,/home/kali/DroidForensix/samples/malware/androzoo_drebin/Opfake_d44d9cef26adf2c20c4bdb0d950e13507f8fad0bed8c10812d99e2463e563d66.apk,Opfake,filename_prefix
malware_high,d4b3fa551ff6282287ea8d30b2860a55198f0a8c76cf20ea27bba95113628f69,Stiniter_d4b3fa551ff6282287ea8d30b2860a55198f0a8c76cf20ea27bba95113628f69.apk,AndroZoo-Drebin,yes,Stiniter,high,27,existing:gt_json,virustotal,AndroidOS,31,confirmed_external,analyzed,,/home/kali/DroidForensix/samples/malware/androzoo_drebin/Stiniter_d4b3fa551ff6282287ea8d30b2860a55198f0a8c76cf20ea27bba95113628f69.apk,Stiniter,filename_prefix
malware_high,d5624c7f869504a65986278f6b7921726aa08355d1f203beaee6e6a8869505f4,Nyleaker_d5624c7f869504a65986278f6b7921726aa08355d1f203beaee6e6a8869505f4.apk,AndroZoo-Drebin,yes,AndroidOS,high,33,vt_consensus_33,virustotal,AndroidOS,33,confirmed_external,analyzed,,/home/kali/DroidForensix/samples/malware/androzoo_drebin/Nyleaker_d5624c7f869504a65986278f6b7921726aa08355d1f203beaee6e6a8869505f4.apk,Nyleaker,filename_prefix
malware_high,d7233e269b529198362c29b5f8a15f09e7e4e282c8e35eb68b45b57978f63dd2,DroidKungFu_d7233e269b529198362c29b5f8a15f09e7e4e282c8e35eb68b45b57978f63dd2.apk,AndroZoo-Drebin,yes,KungFu,high,38,vt_consensus_38,virustotal,AndroidOS,38,confirmed_external,analyzed,,/home/kali/DroidForensix/samples/malware/androzoo_drebin/DroidKungFu_d7233e269b529198362c29b5f8a15f09e7e4e282c8e35eb68b45b57978f63dd2.apk,DroidKungFu,filename_prefix
malware_high,d76c3dc5540ab91a222420a7f6b8cee47ad47618b2b1f334f4053115c92696e6,Opfake_d76c3dc5540ab91a222420a7f6b8cee47ad47618b2b1f334f4053115c92696e6.apk,AndroZoo-Drebin,yes,AndroidOS,high,42,vt_consensus_42,virustotal,AndroidOS,42,confirmed_external,analyzed,,/home/kali/DroidForensix/samples/malware/androzoo_drebin/Opfake_d76c3dc5540ab91a222420a7f6b8cee47ad47618b2b1f334f4053115c92696e6.apk,Opfake,filename_prefix
malware_high,d79cb0972064102afd1bfbabe9a39262bdc864b10f95e60c47e605d1d3f18562,GinMaster_d79cb0972064102afd1bfbabe9a39262bdc864b10f95e60c47e605d1d3f18562.apk,AndroZoo-Drebin,yes,GinMaster,high,36,vt_consensus_36,virustotal,GinMaster,36,confirmed_external,analyzed,,/home/kali/DroidForensix/samples/malware/androzoo_drebin/GinMaster_d79cb0972064102afd1bfbabe9a39262bdc864b10f95e60c47e605d1d3f18562.apk,GinMaster,filename_prefix
malware_high,d846f593c4a63614d2810a10f14196a1da43b8bfdc60f6c781a63cf8fcfd632e,Opfake_d846f593c4a63614d2810a10f14196a1da43b8bfdc60f6c781a63cf8fcfd632e.apk,AndroZoo-Drebin,yes,AndroidOS,high,38,vt_consensus_38,virustotal,AndroidOS,38,confirmed_external,analyzed,,/home/kali/DroidForensix/samples/malware/androzoo_drebin/Opfake_d846f593c4a63614d2810a10f14196a1da43b8bfdc60f6c781a63cf8fcfd632e.apk,Opfake,filename_prefix
malware_high,d8882d6a246da7bbdda1ae82c0328601c4dc6cf368e3c0227e6b19a9e1042374,MobileTx_d8882d6a246da7bbdda1ae82c0328601c4dc6cf368e3c0227e6b19a9e1042374.apk,AndroZoo-Drebin,yes,MobileTx,high,32,vt_consensus_32,virustotal,MobileTx,32,confirmed_external,analyzed,,/home/kali/DroidForensix/samples/malware/androzoo_drebin/MobileTx_d8882d6a246da7bbdda1ae82c0328601c4dc6cf368e3c0227e6b19a9e1042374.apk,MobileTx,filename_prefix
malware_high,d98a9aac37efc24c8680c51ce925b4ef8472ddaf62e044dcf2cb7106e3e940b5,Opfake_d98a9aac37efc24c8680c51ce925b4ef8472ddaf62e044dcf2cb7106e3e940b5.apk,AndroZoo-Drebin,yes,AndroidOS,high,39,vt_consensus_39,virustotal,AndroidOS,39,confirmed_external,analyzed,,/home/kali/DroidForensix/samples/malware/androzoo_drebin/Opfake_d98a9aac37efc24c8680c51ce925b4ef8472ddaf62e044dcf2cb7106e3e940b5.apk,Opfake,filename_prefix
malware_high,dd11c105ec8bb3c851f5955fa53eebb91b7dc46bef4d919ee4b099e825c56325,GinMaster_dd11c105ec8bb3c851f5955fa53eebb91b7dc46bef4d919ee4b099e825c56325.apk,AndroZoo-Drebin,yes,GinMaster,high,33,existing:gt_json,virustotal,Backdoor,37,confirmed_external,analyzed,,/home/kali/DroidForensix/samples/malware/androzoo_drebin/GinMaster_dd11c105ec8bb3c851f5955fa53eebb91b7dc46bef4d919ee4b099e825c56325.apk,GinMaster,filename_prefix
malware_high,ddc10ee44c7b3320e0cc2f951043bc3289de25e95bad25f315b709d14155963f,FaceNiff_ddc10ee44c7b3320e0cc2f951043bc3289de25e95bad25f315b709d14155963f.apk,AndroZoo-Drebin,yes,FaceNiff,high,37,vt_consensus_34,virustotal,FaceNiff,34,confirmed_external,analyzed,,/home/kali/DroidForensix/samples/malware/androzoo_drebin/FaceNiff_ddc10ee44c7b3320e0cc2f951043bc3289de25e95bad25f315b709d14155963f.apk,FaceNiff,filename_prefix
malware_high,ded693418a1c5368e377ac654e06a5bac04faff52ee0ef42a31eebcbf1cca2e0,DroidKungFu_ded693418a1c5368e377ac654e06a5bac04faff52ee0ef42a31eebcbf1cca2e0.apk,AndroZoo-Drebin,yes,DroidKungFu,high,37,vt_consensus_37,virustotal,DroidKungFu,37,confirmed_external,analyzed,,/home/kali/DroidForensix/samples/malware/androzoo_drebin/DroidKungFu_ded693418a1c5368e377ac654e06a5bac04faff52ee0ef42a31eebcbf1cca2e0.apk,DroidKungFu,filename_prefix
malware_high,e07e7771124f0c5a9a7342e072e27a9cbad6e5ab4bf7fb6b85fc8f4e4495e652,DroidKungFu_e07e7771124f0c5a9a7342e072e27a9cbad6e5ab4bf7fb6b85fc8f4e4495e652.apk,AndroZoo-Drebin,yes,AndroidOS,high,39,vt_consensus_39,virustotal,AndroidOS,39,confirmed_external,analyzed,,/home/kali/DroidForensix/samples/malware/androzoo_drebin/DroidKungFu_e07e7771124f0c5a9a7342e072e27a9cbad6e5ab4bf7fb6b85fc8f4e4495e652.apk,DroidKungFu,filename_prefix
malware_high,e09615bfdc10f44d5250edeb3a0d032f83177737a15352e9c1e552543f5f756d,Opfake_e09615bfdc10f44d5250edeb3a0d032f83177737a15352e9c1e552543f5f756d.apk,AndroZoo-Drebin,yes,Agent,high,45,vt_consensus_45,virustotal,Agent,45,confirmed_external,analyzed,,/home/kali/DroidForensix/samples/malware/androzoo_drebin/Opfake_e09615bfdc10f44d5250edeb3a0d032f83177737a15352e9c1e552543f5f756d.apk,Opfake,filename_prefix
malware_high,e45caa25f87531cff2ee2803374ac78de0757941dd1311e3411ce4cdf6d5d942,FakeInstaller_e45caa25f87531cff2ee2803374ac78de0757941dd1311e3411ce4cdf6d5d942.apk,AndroZoo-Drebin,yes,FakeInst,high,36,vt_consensus_36,virustotal,FakeInst,36,confirmed_external,analyzed,,/home/kali/DroidForensix/samples/malware/androzoo_drebin/FakeInstaller_e45caa25f87531cff2ee2803374ac78de0757941dd1311e3411ce4cdf6d5d942.apk,FakeInstaller,filename_prefix
malware_high,e73eb273f49908baedb2a79a07198d3f9e903b795c2594bbea5c8e2841e8729b,FakeInstaller_e73eb273f49908baedb2a79a07198d3f9e903b795c2594bbea5c8e2841e8729b.apk,AndroZoo-Drebin,yes,FakeInst,high,41,vt_consensus_41,virustotal,FakeInst,41,confirmed_external,analyzed,,/home/kali/DroidForensix/samples/malware/androzoo_drebin/FakeInstaller_e73eb273f49908baedb2a79a07198d3f9e903b795c2594bbea5c8e2841e8729b.apk,FakeInstaller,filename_prefix
malware_high,e7d07c08a826520ef71bd4a5bfb8c6bc7b907c4f94f18631208cf6037bd88f2d,DroidKungFu_e7d07c08a826520ef71bd4a5bfb8c6bc7b907c4f94f18631208cf6037bd88f2d.apk,AndroZoo-Drebin,yes,DroidKungFu,high,36,existing:gt_json,virustotal,KungFu,39,confirmed_external,analyzed,,/home/kali/DroidForensix/samples/malware/androzoo_drebin/DroidKungFu_e7d07c08a826520ef71bd4a5bfb8c6bc7b907c4f94f18631208cf6037bd88f2d.apk,DroidKungFu,filename_prefix
malware_high,e847ffd29dca357027e2fb59eeb5abbce395ea1c819113c3a4e07c5839a7bded,BaseBridge_e847ffd29dca357027e2fb59eeb5abbce395ea1c819113c3a4e07c5839a7bded.apk,AndroZoo-Drebin,yes,Backdoor,high,37,vt_consensus_37,virustotal,Backdoor,37,confirmed_external,analyzed,,/home/kali/DroidForensix/samples/malware/androzoo_drebin/BaseBridge_e847ffd29dca357027e2fb59eeb5abbce395ea1c819113c3a4e07c5839a7bded.apk,BaseBridge,filename_prefix
malware_high,e9cee469d3610df81d3c1890691c67027dd179337fb93a87164f95469006440a,FakeInstaller_e9cee469d3610df81d3c1890691c67027dd179337fb93a87164f95469006440a.apk,AndroZoo-Drebin,yes,FakeInst,high,39,vt_consensus_39,virustotal,FakeInst,39,confirmed_external,analyzed,,/home/kali/DroidForensix/samples/malware/androzoo_drebin/FakeInstaller_e9cee469d3610df81d3c1890691c67027dd179337fb93a87164f95469006440a.apk,FakeInstaller,filename_prefix
malware_high,e9ef2d3002897f11e041e64863d47a4affbfdc5216f860fab51ae51447a5e23a,Dougalek_e9ef2d3002897f11e041e64863d47a4affbfdc5216f860fab51ae51447a5e23a.apk,AndroZoo-Drebin,yes,Dougalek,high,35,vt_consensus_35,virustotal,Dougalek,35,confirmed_external,analyzed,,/home/kali/DroidForensix/samples/malware/androzoo_drebin/Dougalek_e9ef2d3002897f11e041e64863d47a4affbfdc5216f860fab51ae51447a5e23a.apk,Dougalek,filename_prefix
malware_high,ea342fa78264a135f081e3c2be4c50b8f03c1a3b314910c89a42da98b98c7ebd,MobileTx_ea342fa78264a135f081e3c2be4c50b8f03c1a3b314910c89a42da98b98c7ebd.apk,AndroZoo-Drebin,yes,MobileTx,high,37,vt_consensus_37,virustotal,MobileTx,37,confirmed_external,analyzed,,/home/kali/DroidForensix/samples/malware/androzoo_drebin/MobileTx_ea342fa78264a135f081e3c2be4c50b8f03c1a3b314910c89a42da98b98c7ebd.apk,MobileTx,filename_prefix
malware_high,eb1bcca87ab55bd0fe0cf1ec27753fddcd35b6030633da559eee42977279b8db,FakeInstaller_eb1bcca87ab55bd0fe0cf1ec27753fddcd35b6030633da559eee42977279b8db.apk,AndroZoo-Drebin,yes,FakeInstaller,high,39,existing:gt_json,virustotal,FakeInst,38,confirmed_external,analyzed,,/home/kali/DroidForensix/samples/malware/androzoo_drebin/FakeInstaller_eb1bcca87ab55bd0fe0cf1ec27753fddcd35b6030633da559eee42977279b8db.apk,FakeInstaller,filename_prefix
malware_high,ecf9c8520e13054bcc1b1a18cc335810f7eb97bdbe75fc204ad050228f805216,BaseBridge_ecf9c8520e13054bcc1b1a18cc335810f7eb97bdbe75fc204ad050228f805216.apk,AndroZoo-Drebin,yes,BaseBridge,high,35,existing:gt_json,virustotal,Backdoor,39,confirmed_external,analyzed,,/home/kali/DroidForensix/samples/malware/androzoo_drebin/BaseBridge_ecf9c8520e13054bcc1b1a18cc335810f7eb97bdbe75fc204ad050228f805216.apk,BaseBridge,filename_prefix
malware_high,ecfebfbbc574d926d4158b40472c6b088a48bf99eb69217218f6c76d912ff993,FakeInstaller_ecfebfbbc574d926d4158b40472c6b088a48bf99eb69217218f6c76d912ff993.apk,AndroZoo-Drebin,yes,FakeInst,high,38,vt_consensus_38,virustotal,FakeInst,38,confirmed_external,analyzed,,/home/kali/DroidForensix/samples/malware/androzoo_drebin/FakeInstaller_ecfebfbbc574d926d4158b40472c6b088a48bf99eb69217218f6c76d912ff993.apk,FakeInstaller,filename_prefix
malware_high,ed1792c8271e5945b8a038247fe7cacd536739f950f6ebf6039aea6b7c8f6690,FakeInstaller_ed1792c8271e5945b8a038247fe7cacd536739f950f6ebf6039aea6b7c8f6690.apk,AndroZoo-Drebin,yes,FakeInstaller,high,33,existing:gt_json,virustotal,FakeInst,39,confirmed_external,analyzed,,/home/kali/DroidForensix/samples/malware/androzoo_drebin/FakeInstaller_ed1792c8271e5945b8a038247fe7cacd536739f950f6ebf6039aea6b7c8f6690.apk,FakeInstaller,filename_prefix
malware_high,edf4b67aee4c8ca76fe8068abceb254df1fea59e49c06664c442e1a70a9c7c85,Plankton_edf4b67aee4c8ca76fe8068abceb254df1fea59e49c06664c442e1a70a9c7c85.apk,AndroZoo-Drebin,yes,Plankton,high,27,existing:gt_json,virustotal,Adware,32,confirmed_external,analyzed,,/home/kali/DroidForensix/samples/malware/androzoo_drebin/Plankton_edf4b67aee4c8ca76fe8068abceb254df1fea59e49c06664c442e1a70a9c7c85.apk,Plankton,filename_prefix
malware_high,f0356bb27b8a1a1774dd7106fbe9a85802de8df1f0b3ad9d7c874ae6dc3d9242,GinMaster_f0356bb27b8a1a1774dd7106fbe9a85802de8df1f0b3ad9d7c874ae6dc3d9242.apk,AndroZoo-Drebin,yes,GinMaster,high,37,vt_consensus_37,virustotal,GinMaster,37,confirmed_external,analyzed,,/home/kali/DroidForensix/samples/malware/androzoo_drebin/GinMaster_f0356bb27b8a1a1774dd7106fbe9a85802de8df1f0b3ad9d7c874ae6dc3d9242.apk,GinMaster,filename_prefix
malware_high,f157946d3868fbe013ec23b14f1097bb727654b4f3926322f035e86e3f5f637e,DroidKungFu_f157946d3868fbe013ec23b14f1097bb727654b4f3926322f035e86e3f5f637e.apk,AndroZoo-Drebin,yes,AndroidOS,high,37,vt_consensus_37,virustotal,AndroidOS,37,confirmed_external,analyzed,,/home/kali/DroidForensix/samples/malware/androzoo_drebin/DroidKungFu_f157946d3868fbe013ec23b14f1097bb727654b4f3926322f035e86e3f5f637e.apk,DroidKungFu,filename_prefix
malware_high,f1c8b34879b04dc94f0a13d33c1e1272bdf9141e56e19da62c1a1b27af128604,FakeInstaller_f1c8b34879b04dc94f0a13d33c1e1272bdf9141e56e19da62c1a1b27af128604.apk,AndroZoo-Drebin,yes,FakeInstaller,high,33,existing:gt_json,virustotal,FakeInst,38,confirmed_external,analyzed,,/home/kali/DroidForensix/samples/malware/androzoo_drebin/FakeInstaller_f1c8b34879b04dc94f0a13d33c1e1272bdf9141e56e19da62c1a1b27af128604.apk,FakeInstaller,filename_prefix
malware_high,f2305198a4789bc0f74afb7627bf998c2739d00d754eaff51aa2f538ab0329b4,FakeInstaller_f2305198a4789bc0f74afb7627bf998c2739d00d754eaff51aa2f538ab0329b4.apk,AndroZoo-Drebin,yes,FakeInst,high,37,vt_consensus_37,virustotal,FakeInst,37,confirmed_external,analyzed,,/home/kali/DroidForensix/samples/malware/androzoo_drebin/FakeInstaller_f2305198a4789bc0f74afb7627bf998c2739d00d754eaff51aa2f538ab0329b4.apk,FakeInstaller,filename_prefix
malware_high,f39f20ec060481bd89cfbd44654077fcd6404d87a1286685570334bd430e2f18,GinMaster_f39f20ec060481bd89cfbd44654077fcd6404d87a1286685570334bd430e2f18.apk,AndroZoo-Drebin,yes,GinMaster,high,31,existing:gt_json,virustotal,GinMaster,33,confirmed_external,analyzed,,/home/kali/DroidForensix/samples/malware/androzoo_drebin/GinMaster_f39f20ec060481bd89cfbd44654077fcd6404d87a1286685570334bd430e2f18.apk,GinMaster,filename_prefix
malware_high,f924b3a2932b049fd76c38aec95bac1e4078ac1bebd306acb7d4f1b879916f77,FakeInstaller_f924b3a2932b049fd76c38aec95bac1e4078ac1bebd306acb7d4f1b879916f77.apk,AndroZoo-Drebin,yes,FakeInst,high,40,vt_consensus_40,virustotal,FakeInst,40,confirmed_external,analyzed,,/home/kali/DroidForensix/samples/malware/androzoo_drebin/FakeInstaller_f924b3a2932b049fd76c38aec95bac1e4078ac1bebd306acb7d4f1b879916f77.apk,FakeInstaller,filename_prefix
malware_high,f9cad7c0218f34015aaf37f29a51832e1c23038ada5fc49064227d2dfb7f1e43,Boxer_f9cad7c0218f34015aaf37f29a51832e1c23038ada5fc49064227d2dfb7f1e43.apk,AndroZoo-Drebin,yes,Gen,high,25,vt_consensus_24,virustotal,Gen,24,confirmed_external,analyzed,,/home/kali/DroidForensix/samples/malware/androzoo_drebin/Boxer_f9cad7c0218f34015aaf37f29a51832e1c23038ada5fc49064227d2dfb7f1e43.apk,Boxer,filename_prefix
malware_high,fa5d0c455f9891d9ac34bfd679fab34f235712bf3ff64be6887a9e5b017abd44,GinMaster_fa5d0c455f9891d9ac34bfd679fab34f235712bf3ff64be6887a9e5b017abd44.apk,AndroZoo-Drebin,yes,GinMaster,high,35,vt_consensus_35,virustotal,GinMaster,35,confirmed_external,analyzed,,/home/kali/DroidForensix/samples/malware/androzoo_drebin/GinMaster_fa5d0c455f9891d9ac34bfd679fab34f235712bf3ff64be6887a9e5b017abd44.apk,GinMaster,filename_prefix
malware_high,fd743672c95ad558086c799c249811c57463b4cd5b7d2c3610302d68fd6b5b7b,Opfake_fd743672c95ad558086c799c249811c57463b4cd5b7d2c3610302d68fd6b5b7b.apk,AndroZoo-Drebin,yes,Opfake,high,36,vt_consensus_36,virustotal,Opfake,36,confirmed_external,analyzed,,/home/kali/DroidForensix/samples/malware/androzoo_drebin/Opfake_fd743672c95ad558086c799c249811c57463b4cd5b7d2c3610302d68fd6b5b7b.apk,Opfake,filename_prefix
malware_high,003d2fd8ef8fc9d4765e4bbc650ecd20ef339be94606486629c003f683cb5982,hydra_003d2fd8ef8fc9d4765e4bbc650ecd20ef339be94606486629c003f683cb5982.apk,MalwareBazaar,yes,Agent,high,35,vt_consensus_35,malwarebazaar,Hydra,0,confirmed_external,analyzed,,/home/kali/DroidForensix/samples/malware/abusech/hydra_003d2fd8ef8fc9d4765e4bbc650ecd20ef339be94606486629c003f683cb5982.apk,Hydra,filename_prefix
malware_high,018f8548c055a31d98201874ebf21591e6d85cb9eee66e8c35716a9289d01f48,unknown_018f8548c055a31d98201874ebf21591e6d85cb9eee66e8c35716a9289d01f48.apk,MalwareBazaar,yes,AndroidOS,high,22,vt_consensus_22,malwarebazaar,,0,confirmed_external,analyzed,,/home/kali/DroidForensix/samples/malware/abusech/unknown_018f8548c055a31d98201874ebf21591e6d85cb9eee66e8c35716a9289d01f48.apk,BeatBanker,mb_tags
malware_high,0400c00cbcc6834ade203f8d515f5932972a3861256a9a7ca0a46638eec2a83e,unknown_0400c00cbcc6834ade203f8d515f5932972a3861256a9a7ca0a46638eec2a83e.apk,MalwareBazaar,yes,Gen,high,21,vt_consensus_21,malwarebazaar,,0,confirmed_external,analyzed,,/home/kali/DroidForensix/samples/malware/abusech/unknown_0400c00cbcc6834ade203f8d515f5932972a3861256a9a7ca0a46638eec2a83e.apk,Tiramisu,mb_tags
malware_high,050d91cde706f7c981f90878dbd50d92038caeedd38852a10e018e57f188e79b,unknown_050d91cde706f7c981f90878dbd50d92038caeedd38852a10e018e57f188e79b.apk,MalwareBazaar,yes,AndroidOS,high,21,vt_consensus_21,malwarebazaar,,0,confirmed_external,analyzed,,/home/kali/DroidForensix/samples/malware/abusech/unknown_050d91cde706f7c981f90878dbd50d92038caeedd38852a10e018e57f188e79b.apk,,unresolved
malware_high,090a30252991830596c75a945885ca3100d7a40edf4a16d78abd5bbfd90ba268,unknown_090a30252991830596c75a945885ca3100d7a40edf4a16d78abd5bbfd90ba268.apk,MalwareBazaar,yes,AndroidOS,high,22,vt_consensus_22,malwarebazaar,,0,confirmed_external,analyzed,,/home/kali/DroidForensix/samples/malware/abusech/unknown_090a30252991830596c75a945885ca3100d7a40edf4a16d78abd5bbfd90ba268.apk,NGate,pipeline_sig_verified
malware_high,091870b3f90c9a98000e0d14a67be2db5891ce98a0b1e24b721e3d96241620a5,unknown_091870b3f90c9a98000e0d14a67be2db5891ce98a0b1e24b721e3d96241620a5.apk,MalwareBazaar,yes,AndroidOS,high,23,vt_consensus_23,malwarebazaar,,0,confirmed_external,analyzed,,/home/kali/DroidForensix/samples/malware/abusech/unknown_091870b3f90c9a98000e0d14a67be2db5891ce98a0b1e24b721e3d96241620a5.apk,NGate,pipeline_sig_verified
malware_high,1370ba86f4c12ff1a8a0dd987b2be79a6ed13f7765e05b9711c544a7a2f288ea,unknown_1370ba86f4c12ff1a8a0dd987b2be79a6ed13f7765e05b9711c544a7a2f288ea.apk,MalwareBazaar,yes,Banker,high,26,vt_consensus_26,malwarebazaar,,0,confirmed_external,error: timeout after 450s,error: timeout after 450s,/home/kali/DroidForensix/samples/malware/abusech/unknown_1370ba86f4c12ff1a8a0dd987b2be79a6ed13f7765e05b9711c544a7a2f288ea.apk,,unresolved
malware_high,14b005352c07490b3689ac4eb187eb68d2b50cd135e57e1bca2f3469b10e2dd5,ermac_14b005352c07490b3689ac4eb187eb68d2b50cd135e57e1bca2f3469b10e2dd5.apk,MalwareBazaar,yes,AndroidOS,high,30,vt_consensus_30,malwarebazaar,Ermac,0,confirmed_external,analyzed,,/home/kali/DroidForensix/samples/malware/abusech/ermac_14b005352c07490b3689ac4eb187eb68d2b50cd135e57e1bca2f3469b10e2dd5.apk,Ermac,filename_prefix
malware_high,21c91c4cb01c7fd286dc8fa6122f6c43a5227677ffbe3566aa37204cd9e494fe,unknown_21c91c4cb01c7fd286dc8fa6122f6c43a5227677ffbe3566aa37204cd9e494fe.apk,MalwareBazaar,yes,AndroidOS,high,24,vt_consensus_24,malwarebazaar,,0,confirmed_external,analyzed,,/home/kali/DroidForensix/samples/malware/abusech/unknown_21c91c4cb01c7fd286dc8fa6122f6c43a5227677ffbe3566aa37204cd9e494fe.apk,NGate,pipeline_sig_verified
malware_high,2211e5b751634ef3681bff599b25d57f47f1593bc27aeb83273ee63a64d62e25,teabot_2211e5b751634ef3681bff599b25d57f47f1593bc27aeb83273ee63a64d62e25.apk,MalwareBazaar,yes,Agent,high,33,vt_consensus_33,malwarebazaar,TeaBot,0,confirmed_external,analyzed,,/home/kali/DroidForensix/samples/malware/abusech/teabot_2211e5b751634ef3681bff599b25d57f47f1593bc27aeb83273ee63a64d62e25.apk,TeaBot,filename_prefix
malware_high,269a98c5a2e16675eacd3490f382ac08d894737e629b92c1a69070cc471eed36,unknown_269a98c5a2e16675eacd3490f382ac08d894737e629b92c1a69070cc471eed36.apk,MalwareBazaar,yes,NGate,high,13,vt_consensus_13,malwarebazaar,,0,confirmed_external,analyzed,,/home/kali/DroidForensix/samples/malware/abusech/unknown_269a98c5a2e16675eacd3490f382ac08d894737e629b92c1a69070cc471eed36.apk,NGate,gt_specific
malware_high,2ab29825e9454a4b87d661dfc55842943e30b86600d2848796d96241e92307c2,unknown_2ab29825e9454a4b87d661dfc55842943e30b86600d2848796d96241e92307c2.apk,MalwareBazaar,yes,Agent,high,15,vt_consensus_15,malwarebazaar,,0,confirmed_external,error: Pipeline finished but produced no result,error: Pipeline finished but produced no result,/home/kali/DroidForensix/samples/malware/abusech/unknown_2ab29825e9454a4b87d661dfc55842943e30b86600d2848796d96241e92307c2.apk,FakeChrome,mb_tags
malware_high,2c74efb0e8304948e56f4ccb1ced6c05734842ecdc95628decacfa74d06baf6c,flubot_2c74efb0e8304948e56f4ccb1ced6c05734842ecdc95628decacfa74d06baf6c.apk,MalwareBazaar,yes,AndroidOS,high,31,vt_consensus_28,malwarebazaar,FluBot,0,confirmed_external,analyzed,,/home/kali/DroidForensix/samples/malware/abusech/flubot_2c74efb0e8304948e56f4ccb1ced6c05734842ecdc95628decacfa74d06baf6c.apk,FluBot,filename_prefix
malware_high,32e4dee58ea17addc5df4ffb862ab3a8df1697598cb6437f92de4075665812c2,ermac_32e4dee58ea17addc5df4ffb862ab3a8df1697598cb6437f92de4075665812c2.apk,MalwareBazaar,yes,Banker,high,28,vt_consensus_28,malwarebazaar,Ermac,0,confirmed_external,analyzed,,/home/kali/DroidForensix/samples/malware/abusech/ermac_32e4dee58ea17addc5df4ffb862ab3a8df1697598cb6437f92de4075665812c2.apk,Ermac,filename_prefix
malware_high,33d2ea973f861bb7c46397c4e0f9aedc37ef10fb8ab2f4090f35a335d86ef0b2,spynote_33d2ea973f861bb7c46397c4e0f9aedc37ef10fb8ab2f4090f35a335d86ef0b2.apk,MalwareBazaar,yes,SpyMax,high,29,vt_consensus_29,malwarebazaar,SpyNote,0,confirmed_external,analyzed,,/home/kali/DroidForensix/samples/malware/abusech/spynote_33d2ea973f861bb7c46397c4e0f9aedc37ef10fb8ab2f4090f35a335d86ef0b2.apk,SpyNote,filename_prefix
malware_high,3502fa570ada49eaeeaa4785bb1897ed91dfadaa76c5e8626c5b8e944d8f5f01,Konfety_3502fa570ada49eaeeaa4785bb1897ed91dfadaa76c5e8626c5b8e944d8f5f01.apk,MalwareBazaar,yes,Dropper,high,32,vt_consensus_32,malwarebazaar,Konfety,0,confirmed_external,analyzed,,/home/kali/DroidForensix/samples/malware/abusech/Konfety_3502fa570ada49eaeeaa4785bb1897ed91dfadaa76c5e8626c5b8e944d8f5f01.apk,Konfety,filename_prefix
malware_high,3504d9f2a2fdf021a382be4e2603acbdb5550ac2ddf26f62da1c2227b1f7f400,exobot_3504d9f2a2fdf021a382be4e2603acbdb5550ac2ddf26f62da1c2227b1f7f400.apk,MalwareBazaar,yes,GenericKD,high,39,vt_consensus_39,malwarebazaar,Octo,0,confirmed_external,analyzed,,/home/kali/DroidForensix/samples/malware/abusech/exobot_3504d9f2a2fdf021a382be4e2603acbdb5550ac2ddf26f62da1c2227b1f7f400.apk,Exobot,filename_prefix
malware_high,36158735c5442bb6a2f5432226403905551f360d7ce99fa51e9d2b54b7cd02e7,flubot_36158735c5442bb6a2f5432226403905551f360d7ce99fa51e9d2b54b7cd02e7.apk,MalwareBazaar,yes,GenericKD,high,36,vt_consensus_36,malwarebazaar,FluBot,0,confirmed_external,analyzed,,/home/kali/DroidForensix/samples/malware/abusech/flubot_36158735c5442bb6a2f5432226403905551f360d7ce99fa51e9d2b54b7cd02e7.apk,FluBot,filename_prefix
malware_high,3779e67d696ba3ef4ba4b38ba10e07301620a45f1d89f004da5ae64f050dfdb4,hydra_3779e67d696ba3ef4ba4b38ba10e07301620a45f1d89f004da5ae64f050dfdb4.apk,MalwareBazaar,yes,GenericKD,high,36,vt_consensus_36,malwarebazaar,Hydra,0,confirmed_external,analyzed,,/home/kali/DroidForensix/samples/malware/abusech/hydra_3779e67d696ba3ef4ba4b38ba10e07301620a45f1d89f004da5ae64f050dfdb4.apk,Hydra,filename_prefix
malware_high,3c81526bcb801d7dcfaea7f379528471d745a36e3c1bdc41877b4bed34b5dce6,unknown_3c81526bcb801d7dcfaea7f379528471d745a36e3c1bdc41877b4bed34b5dce6.apk,MalwareBazaar,yes,AndroidOS,high,24,vt_consensus_24,malwarebazaar,,0,confirmed_external,analyzed,,/home/kali/DroidForensix/samples/malware/abusech/unknown_3c81526bcb801d7dcfaea7f379528471d745a36e3c1bdc41877b4bed34b5dce6.apk,NGate,pipeline_sig_verified
malware_high,3cb4b373a24afb10b8003762e763e6b44008bdf9a58d0a9a2b80a5de68308ecd,unknown_3cb4b373a24afb10b8003762e763e6b44008bdf9a58d0a9a2b80a5de68308ecd.apk,MalwareBazaar,yes,NGate,high,28,vt_consensus_28,virustotal,NGate,28,confirmed_external,analyzed,,/home/kali/DroidForensix/samples/malware/abusech/unknown_3cb4b373a24afb10b8003762e763e6b44008bdf9a58d0a9a2b80a5de68308ecd.apk,NGate,gt_specific
malware_high,4067054f202cc8e87557915783d4468b54985c5cc7b0b57df98ffbb106475196,teabot_4067054f202cc8e87557915783d4468b54985c5cc7b0b57df98ffbb106475196.apk,MalwareBazaar,yes,AndroidOS,high,33,vt_consensus_33,malwarebazaar,TeaBot,0,confirmed_external,analyzed,,/home/kali/DroidForensix/samples/malware/abusech/teabot_4067054f202cc8e87557915783d4468b54985c5cc7b0b57df98ffbb106475196.apk,TeaBot,filename_prefix
malware_high,44b5086d35b879afb9278392c230cdd0d16ac9b830cd44e75ece6ccf0fd4952c,unknown_44b5086d35b879afb9278392c230cdd0d16ac9b830cd44e75ece6ccf0fd4952c.apk,MalwareBazaar,yes,Andr/Banker-HDY,high,17,vt_consensus_17,malwarebazaar,,0,confirmed_external,analyzed,,/home/kali/DroidForensix/samples/malware/abusech/unknown_44b5086d35b879afb9278392c230cdd0d16ac9b830cd44e75ece6ccf0fd4952c.apk,Andr/Banker-HDY,gt_specific
malware_high,47bb7f855cdf116c62499240089fa1b7a69585e8b7f639e192b9d038da4094cd,teabot_47bb7f855cdf116c62499240089fa1b7a69585e8b7f639e192b9d038da4094cd.apk,MalwareBazaar,yes,GenericKD,high,36,vt_consensus_36,malwarebazaar,Teabot,0,confirmed_external,analyzed,,/home/kali/DroidForensix/samples/malware/abusech/teabot_47bb7f855cdf116c62499240089fa1b7a69585e8b7f639e192b9d038da4094cd.apk,TeaBot,filename_prefix
malware_high,4ccf02c87de6c0bf718d9f8cdf6c61a9edc909fab1cdd7d497572e30fea1f580,ermac_4ccf02c87de6c0bf718d9f8cdf6c61a9edc909fab1cdd7d497572e30fea1f580.apk,MalwareBazaar,yes,GenericKD,high,33,vt_consensus_33,malwarebazaar,Ermac,0,confirmed_external,analyzed,,/home/kali/DroidForensix/samples/malware/abusech/ermac_4ccf02c87de6c0bf718d9f8cdf6c61a9edc909fab1cdd7d497572e30fea1f580.apk,Ermac,filename_prefix
malware_high,4eb2ac595b1a17ddde607d55dc41d93896eeca3a01cd440b8953159bca3a418d,unknown_4eb2ac595b1a17ddde607d55dc41d93896eeca3a01cd440b8953159bca3a418d.apk,MalwareBazaar,yes,AndroidOS,high,23,vt_consensus_23,malwarebazaar,,0,confirmed_external,analyzed,,/home/kali/DroidForensix/samples/malware/abusech/unknown_4eb2ac595b1a17ddde607d55dc41d93896eeca3a01cd440b8953159bca3a418d.apk,,unresolved
malware_high,4f181b3a42657a4c18a898d84108f7500baf243a2ac710adec1c5938cf0adb57,ermac_4f181b3a42657a4c18a898d84108f7500baf243a2ac710adec1c5938cf0adb57.apk,MalwareBazaar,yes,AndroidOS,high,27,vt_consensus_27,malwarebazaar,Hook,0,confirmed_external,analyzed,,/home/kali/DroidForensix/samples/malware/abusech/ermac_4f181b3a42657a4c18a898d84108f7500baf243a2ac710adec1c5938cf0adb57.apk,Ermac,filename_prefix
malware_high,51f9c37c3eec0b6f8325aa1c8fe64a0615ab920584042df557426473b1270b40,ermac_51f9c37c3eec0b6f8325aa1c8fe64a0615ab920584042df557426473b1270b40.apk,MalwareBazaar,yes,BankBot,high,43,vt_consensus_43,malwarebazaar,Ermac,0,confirmed_external,analyzed,,/home/kali/DroidForensix/samples/malware/abusech/ermac_51f9c37c3eec0b6f8325aa1c8fe64a0615ab920584042df557426473b1270b40.apk,Ermac,filename_prefix
malware_high,554e71b4e5d2a172707b51edc8e0e22cba40858b69884e75228c12718c47e1ef,teabot_554e71b4e5d2a172707b51edc8e0e22cba40858b69884e75228c12718c47e1ef.apk,MalwareBazaar,yes,GenericKD,high,28,vt_consensus_28,malwarebazaar,TeaBot,0,confirmed_external,analyzed,,/home/kali/DroidForensix/samples/malware/abusech/teabot_554e71b4e5d2a172707b51edc8e0e22cba40858b69884e75228c12718c47e1ef.apk,TeaBot,filename_prefix
malware_high,557c02b5e9ca8103e6ad5413df1b447fae5c9ce086a0b5330bf9c79a578585df,PixRevolution_557c02b5e9ca8103e6ad5413df1b447fae5c9ce086a0b5330bf9c79a578585df.apk,MalwareBazaar,yes,Agent,high,30,vt_consensus_30,malwarebazaar,PixRevolution,0,confirmed_external,error: timeout after 450s,error: timeout after 450s,/home/kali/DroidForensix/samples/malware/abusech/PixRevolution_557c02b5e9ca8103e6ad5413df1b447fae5c9ce086a0b5330bf9c79a578585df.apk,PixRevolution,filename_prefix
malware_high,563bc028fac5f38f3849a3808bcba9cc41beeaf4b9ff771d383954beb1267e0b,unknown_563bc028fac5f38f3849a3808bcba9cc41beeaf4b9ff771d383954beb1267e0b.apk,MalwareBazaar,yes,Boogr,high,23,vt_consensus_23,malwarebazaar,,0,confirmed_external,analyzed,,/home/kali/DroidForensix/samples/malware/abusech/unknown_563bc028fac5f38f3849a3808bcba9cc41beeaf4b9ff771d383954beb1267e0b.apk,Boogr,gt_specific
malware_high,58cc948bd809292143e604c3e03735c9517f94b37dd35299ca5e81d7b902d620,unknown_58cc948bd809292143e604c3e03735c9517f94b37dd35299ca5e81d7b902d620.apk,MalwareBazaar,yes,Evo-gen [Trj],high,18,vt_consensus_18,malwarebazaar,,0,confirmed_external,analyzed,,/home/kali/DroidForensix/samples/malware/abusech/unknown_58cc948bd809292143e604c3e03735c9517f94b37dd35299ca5e81d7b902d620.apk,Evo-gen [Trj],gt_specific
malware_high,5f113715e47ddce3f72f9ff69b1aa07ee09225eaf6b501a7b106fa893779a931,hydra_5f113715e47ddce3f72f9ff69b1aa07ee09225eaf6b501a7b106fa893779a931.apk,MalwareBazaar,yes,AndroidOS,high,26,vt_consensus_26,malwarebazaar,Hydra,0,confirmed_external,analyzed,,/home/kali/DroidForensix/samples/malware/abusech/hydra_5f113715e47ddce3f72f9ff69b1aa07ee09225eaf6b501a7b106fa893779a931.apk,Hydra,filename_prefix
malware_high,6376bcd8faa57aac7437116b184967a588025e2bf96318272cdcf51ff2f8dfdd,Konfety_6376bcd8faa57aac7437116b184967a588025e2bf96318272cdcf51ff2f8dfdd.apk,MalwareBazaar,yes,Dropper,high,32,vt_consensus_32,malwarebazaar,Konfety,0,confirmed_external,analyzed,,/home/kali/DroidForensix/samples/malware/abusech/Konfety_6376bcd8faa57aac7437116b184967a588025e2bf96318272cdcf51ff2f8dfdd.apk,Konfety,filename_prefix
malware_high,64a9263148d49bbabaf13b68fc461c93275d5d7f852288ccf00d1b25e39069d3,unknown_64a9263148d49bbabaf13b68fc461c93275d5d7f852288ccf00d1b25e39069d3.apk,MalwareBazaar,yes,Gen,high,25,vt_consensus_25,malwarebazaar,,0,confirmed_external,analyzed,,/home/kali/DroidForensix/samples/malware/abusech/unknown_64a9263148d49bbabaf13b68fc461c93275d5d7f852288ccf00d1b25e39069d3.apk,NGate,mb_tags
malware_high,692e7b0f657ac34635e0dcd633f9c73b37d0258457d161ec6dbee26820cb72dd,ermac_692e7b0f657ac34635e0dcd633f9c73b37d0258457d161ec6dbee26820cb72dd.apk,MalwareBazaar,yes,Banker,high,30,vt_consensus_30,malwarebazaar,Ermac,0,confirmed_external,analyzed,,/home/kali/DroidForensix/samples/malware/abusech/ermac_692e7b0f657ac34635e0dcd633f9c73b37d0258457d161ec6dbee26820cb72dd.apk,Ermac,filename_prefix
malware_high,6d29e6e5372cd0690e0df62eb6d98938e91191b0e639fed2476497baa8255405,unknown_6d29e6e5372cd0690e0df62eb6d98938e91191b0e639fed2476497baa8255405.apk,MalwareBazaar,yes,NGate,high,24,vt_consensus_24,malwarebazaar,,0,confirmed_external,analyzed,,/home/kali/DroidForensix/samples/malware/abusech/unknown_6d29e6e5372cd0690e0df62eb6d98938e91191b0e639fed2476497baa8255405.apk,NGate,gt_specific
malware_high,6e3499a5e63209b34ccc787a7ea57953ff5436b51ca4325ea0da4a958f44ea7b,flubot_6e3499a5e63209b34ccc787a7ea57953ff5436b51ca4325ea0da4a958f44ea7b.apk,MalwareBazaar,yes,AndroidOS,high,39,vt_consensus_33,malwarebazaar,FluBot,0,confirmed_external,analyzed,,/home/kali/DroidForensix/samples/malware/abusech/flubot_6e3499a5e63209b34ccc787a7ea57953ff5436b51ca4325ea0da4a958f44ea7b.apk,FluBot,filename_prefix
malware_high,7365190230042fa2f8aba13d39cfecaa52b029750331760bcd114bafb01cb6db,unknown_7365190230042fa2f8aba13d39cfecaa52b029750331760bcd114bafb01cb6db.apk,MalwareBazaar,yes,AndroidOS,high,18,vt_consensus_18,malwarebazaar,,0,confirmed_external,analyzed,,/home/kali/DroidForensix/samples/malware/abusech/unknown_7365190230042fa2f8aba13d39cfecaa52b029750331760bcd114bafb01cb6db.apk,FakeChrome,mb_tags
malware_high,752f3cacdad6753d4c02bb8e40ef3e0990b55466c18a7b80ec6fa7b9706e40ab,unknown_752f3cacdad6753d4c02bb8e40ef3e0990b55466c18a7b80ec6fa7b9706e40ab.apk,MalwareBazaar,yes,Andr/NGate-G,high,23,vt_consensus_23,malwarebazaar,,0,confirmed_external,analyzed,,/home/kali/DroidForensix/samples/malware/abusech/unknown_752f3cacdad6753d4c02bb8e40ef3e0990b55466c18a7b80ec6fa7b9706e40ab.apk,Andr/NGate-G,gt_specific
malware_high,767c218be4e7d2c99ee9c8b36128ac932d2dac0e3792ce638b804083f75e1096,teabot_767c218be4e7d2c99ee9c8b36128ac932d2dac0e3792ce638b804083f75e1096.apk,MalwareBazaar,yes,GenericKD,high,32,vt_consensus_32,malwarebazaar,TeaBot,0,confirmed_external,analyzed,,/home/kali/DroidForensix/samples/malware/abusech/teabot_767c218be4e7d2c99ee9c8b36128ac932d2dac0e3792ce638b804083f75e1096.apk,TeaBot,filename_prefix
malware_high,789d04c93488adf85d8d7988c0d050648cd91ad469f9e63e04d290523dfb1d93,hydra_789d04c93488adf85d8d7988c0d050648cd91ad469f9e63e04d290523dfb1d93.apk,MalwareBazaar,yes,GenericKD,high,35,vt_consensus_35,malwarebazaar,Hydra,0,confirmed_external,analyzed,,/home/kali/DroidForensix/samples/malware/abusech/hydra_789d04c93488adf85d8d7988c0d050648cd91ad469f9e63e04d290523dfb1d93.apk,Hydra,filename_prefix
malware_high,7a4238fc6f5d3c7731c2eb33911298eaa36986040858af56e76628c5dc83e265,ermac_7a4238fc6f5d3c7731c2eb33911298eaa36986040858af56e76628c5dc83e265.apk,MalwareBazaar,yes,AndroidOS,high,34,vt_consensus_34,malwarebazaar,Ermac,0,confirmed_external,analyzed,,/home/kali/DroidForensix/samples/malware/abusech/ermac_7a4238fc6f5d3c7731c2eb33911298eaa36986040858af56e76628c5dc83e265.apk,Ermac,filename_prefix
malware_high,7bebc4b248402dbf988b92eb7d9c86797bb302b983e63ce0d2dba96f0f8a345a,unknown_7bebc4b248402dbf988b92eb7d9c86797bb302b983e63ce0d2dba96f0f8a345a.apk,MalwareBazaar,yes,Gen,high,29,vt_consensus_29,malwarebazaar,,0,confirmed_external,analyzed,,/home/kali/DroidForensix/samples/malware/abusech/unknown_7bebc4b248402dbf988b92eb7d9c86797bb302b983e63ce0d2dba96f0f8a345a.apk,,unresolved
malware_high,7d44e0009d251ae4983f5bf29f7d8aa9af668df88dba05a17a7a314f6780ceff,unknown_7d44e0009d251ae4983f5bf29f7d8aa9af668df88dba05a17a7a314f6780ceff.apk,MalwareBazaar,yes,Agent,high,21,vt_consensus_21,malwarebazaar,,0,confirmed_external,analyzed,,/home/kali/DroidForensix/samples/malware/abusech/unknown_7d44e0009d251ae4983f5bf29f7d8aa9af668df88dba05a17a7a314f6780ceff.apk,FakeTelegram,mb_tags
malware_high,7e7ee5b11fe1ca56f0f8416638964bec68b9ef90b25426f06d1330222b1dcf3d,hydra_7e7ee5b11fe1ca56f0f8416638964bec68b9ef90b25426f06d1330222b1dcf3d.apk,MalwareBazaar,yes,Banker,high,28,vt_consensus_28,malwarebazaar,Hydra,0,confirmed_external,analyzed,,/home/kali/DroidForensix/samples/malware/abusech/hydra_7e7ee5b11fe1ca56f0f8416638964bec68b9ef90b25426f06d1330222b1dcf3d.apk,Hydra,filename_prefix
malware_high,7e8693dfed67a88db885ac0ffd94b73351d1f910cafc6425e8f1b4ab0e24c2a8,unknown_7e8693dfed67a88db885ac0ffd94b73351d1f910cafc6425e8f1b4ab0e24c2a8.apk,MalwareBazaar,yes,Gen,high,19,vt_consensus_19,malwarebazaar,,0,confirmed_external,analyzed,,/home/kali/DroidForensix/samples/malware/abusech/unknown_7e8693dfed67a88db885ac0ffd94b73351d1f910cafc6425e8f1b4ab0e24c2a8.apk,FakeTikTok,mb_tags
malware_high,7fb836c08ff527443b06d1c20afb6a4b0f51eb373013f211e0d3200bf26527b7,unknown_7fb836c08ff527443b06d1c20afb6a4b0f51eb373013f211e0d3200bf26527b7.apk,MalwareBazaar,yes,AndroidOS,high,23,vt_consensus_23,malwarebazaar,,0,confirmed_external,analyzed,,/home/kali/DroidForensix/samples/malware/abusech/unknown_7fb836c08ff527443b06d1c20afb6a4b0f51eb373013f211e0d3200bf26527b7.apk,NGate,pipeline_sig_verified
malware_high,810926f89430144fd258ed4a95f1d77215f657a4e7dac2ce0c410bcffbdca99e,hydra_810926f89430144fd258ed4a95f1d77215f657a4e7dac2ce0c410bcffbdca99e.apk,MalwareBazaar,yes,Banker,high,23,vt_consensus_23,malwarebazaar,Hydra,0,confirmed_external,analyzed,,/home/kali/DroidForensix/samples/malware/abusech/hydra_810926f89430144fd258ed4a95f1d77215f657a4e7dac2ce0c410bcffbdca99e.apk,Hydra,filename_prefix
malware_high,818e8917650bff20ef5d3440d2c33739f973d4e7f41af7d7767502dac5a0580c,unknown_818e8917650bff20ef5d3440d2c33739f973d4e7f41af7d7767502dac5a0580c.apk,MalwareBazaar,yes,AndroidOS,high,22,vt_consensus_22,malwarebazaar,,0,confirmed_external,analyzed,,/home/kali/DroidForensix/samples/malware/abusech/unknown_818e8917650bff20ef5d3440d2c33739f973d4e7f41af7d7767502dac5a0580c.apk,,unresolved
malware_high,831334e1e49ec7a25375562688543ee75b2b3cc7352afc019856342def52476b,flubot_831334e1e49ec7a25375562688543ee75b2b3cc7352afc019856342def52476b.apk,MalwareBazaar,yes,AndroidOS,high,37,vt_consensus_37,malwarebazaar,FluBot,0,confirmed_external,analyzed,,/home/kali/DroidForensix/samples/malware/abusech/flubot_831334e1e49ec7a25375562688543ee75b2b3cc7352afc019856342def52476b.apk,FluBot,filename_prefix
malware_high,87def7f445734b4b9b57b97cd4af8d22b2684dd4dd3e7ae8d07a120efa3b1814,spynote_87def7f445734b4b9b57b97cd4af8d22b2684dd4dd3e7ae8d07a120efa3b1814.apk,MalwareBazaar,yes,SpyNote,high,30,vt_consensus_30,malwarebazaar,SpyNote,0,confirmed_external,analyzed,,/home/kali/DroidForensix/samples/malware/abusech/spynote_87def7f445734b4b9b57b97cd4af8d22b2684dd4dd3e7ae8d07a120efa3b1814.apk,SpyNote,filename_prefix
malware_high,8856ac19f179461c4008249c342c8dadbd17118f80f43ce0229ddb1cda33bd67,teabot_8856ac19f179461c4008249c342c8dadbd17118f80f43ce0229ddb1cda33bd67.apk,MalwareBazaar,yes,GenericKD,high,36,vt_consensus_36,malwarebazaar,TeaBot,0,confirmed_external,analyzed,,/home/kali/DroidForensix/samples/malware/abusech/teabot_8856ac19f179461c4008249c342c8dadbd17118f80f43ce0229ddb1cda33bd67.apk,TeaBot,filename_prefix
malware_high,8e39fb18e8acb2e4fc4bcd7db2efc320f5ec84100e8ba870fd24dd13a6584277,PixRevolution_8e39fb18e8acb2e4fc4bcd7db2efc320f5ec84100e8ba870fd24dd13a6584277.apk,MalwareBazaar,yes,Agent,high,24,vt_consensus_24,malwarebazaar,PixRevolution,0,confirmed_external,error: Pipeline finished but produced no result,error: Pipeline finished but produced no result,/home/kali/DroidForensix/samples/malware/abusech/PixRevolution_8e39fb18e8acb2e4fc4bcd7db2efc320f5ec84100e8ba870fd24dd13a6584277.apk,PixRevolution,filename_prefix
malware_high,93880cd38abffa10e753c17ae7c14f0833356cba601bd1a3d3998859f47c900f,teabot_93880cd38abffa10e753c17ae7c14f0833356cba601bd1a3d3998859f47c900f.apk,MalwareBazaar,yes,GenericKD,high,37,vt_consensus_37,malwarebazaar,TeaBot,0,confirmed_external,analyzed,,/home/kali/DroidForensix/samples/malware/abusech/teabot_93880cd38abffa10e753c17ae7c14f0833356cba601bd1a3d3998859f47c900f.apk,TeaBot,filename_prefix
malware_high,9628acabe739b5419f08c5a5c3cd776268bf4a3c25c978341e403bde442e0ece,unknown_9628acabe739b5419f08c5a5c3cd776268bf4a3c25c978341e403bde442e0ece.apk,MalwareBazaar,yes,AndroidOS,high,24,vt_consensus_24,malwarebazaar,,0,confirmed_external,analyzed,,/home/kali/DroidForensix/samples/malware/abusech/unknown_9628acabe739b5419f08c5a5c3cd776268bf4a3c25c978341e403bde442e0ece.apk,NGate,pipeline_sig_verified
malware_high,97936d7873348f905d119dd9399261374aae494296e1b5fb3df521ef3cc76405,spynote_97936d7873348f905d119dd9399261374aae494296e1b5fb3df521ef3cc76405.apk,MalwareBazaar,yes,SpyMax,high,30,vt_consensus_30,malwarebazaar,SpyNote,0,confirmed_external,analyzed,,/home/kali/DroidForensix/samples/malware/abusech/spynote_97936d7873348f905d119dd9399261374aae494296e1b5fb3df521ef3cc76405.apk,SpyNote,filename_prefix
malware_high,9904bb103fae65ab3dd712f6b9ff361d3f3cb3a4cc814b69f0af3e2f1a837ecd,unknown_9904bb103fae65ab3dd712f6b9ff361d3f3cb3a4cc814b69f0af3e2f1a837ecd.apk,MalwareBazaar,yes,Gen,high,17,vt_consensus_17,malwarebazaar,,0,confirmed_external,analyzed,,/home/kali/DroidForensix/samples/malware/abusech/unknown_9904bb103fae65ab3dd712f6b9ff361d3f3cb3a4cc814b69f0af3e2f1a837ecd.apk,FakeTikTok,mb_tags
malware_high,9c1cc79b801e8d632bdb73517588e9e7626cf22643263f038c20cc42dfd0f922,spynote_9c1cc79b801e8d632bdb73517588e9e7626cf22643263f038c20cc42dfd0f922.apk,MalwareBazaar,yes,SpyMax,high,31,vt_consensus_31,malwarebazaar,SpyNote,0,confirmed_external,analyzed,,/home/kali/DroidForensix/samples/malware/abusech/spynote_9c1cc79b801e8d632bdb73517588e9e7626cf22643263f038c20cc42dfd0f922.apk,SpyNote,filename_prefix
malware_high,9cf1ad53db4a31e4be0cfba7bf15f1e414cdf12327063a419be6cdea4700adfd,hydra_9cf1ad53db4a31e4be0cfba7bf15f1e414cdf12327063a419be6cdea4700adfd.apk,MalwareBazaar,yes,Banker,high,24,vt_consensus_24,malwarebazaar,Hydra,0,confirmed_external,analyzed,,/home/kali/DroidForensix/samples/malware/abusech/hydra_9cf1ad53db4a31e4be0cfba7bf15f1e414cdf12327063a419be6cdea4700adfd.apk,Hydra,filename_prefix
malware_high,9e95912f1a5fdba5050723f095b7031770b7e2f9627fb60544b41adcbb5b3306,unknown_9e95912f1a5fdba5050723f095b7031770b7e2f9627fb60544b41adcbb5b3306.apk,MalwareBazaar,yes,AndroidOS,high,24,vt_consensus_24,malwarebazaar,,0,confirmed_external,analyzed,,/home/kali/DroidForensix/samples/malware/abusech/unknown_9e95912f1a5fdba5050723f095b7031770b7e2f9627fb60544b41adcbb5b3306.apk,NGate,pipeline_sig_verified
malware_high,9f2d916b1e0ee486f5a49e3e9887eae59dbdca0a554139ae9a4dc8edc2f12de0,teabot_9f2d916b1e0ee486f5a49e3e9887eae59dbdca0a554139ae9a4dc8edc2f12de0.apk,MalwareBazaar,yes,BankBot,high,41,vt_consensus_34,malwarebazaar,Teabot,0,confirmed_external,analyzed,,/home/kali/DroidForensix/samples/malware/abusech/teabot_9f2d916b1e0ee486f5a49e3e9887eae59dbdca0a554139ae9a4dc8edc2f12de0.apk,TeaBot,filename_prefix
malware_high,9fefd2c820fb28d50bc55c3320964635f27f1a74ac89dfc5aed8b6d5a09980f5,PixRevolution_9fefd2c820fb28d50bc55c3320964635f27f1a74ac89dfc5aed8b6d5a09980f5.apk,MalwareBazaar,yes,Agent,high,24,vt_consensus_24,malwarebazaar,PixRevolution,0,confirmed_external,analyzed,,/home/kali/DroidForensix/samples/malware/abusech/PixRevolution_9fefd2c820fb28d50bc55c3320964635f27f1a74ac89dfc5aed8b6d5a09980f5.apk,PixRevolution,filename_prefix
malware_high,a778818cc08d213d1f66db5fa8b34aabc862569ecb99fd1aea37ff6ccab48400,flubot_a778818cc08d213d1f66db5fa8b34aabc862569ecb99fd1aea37ff6ccab48400.apk,MalwareBazaar,yes,GenericKD,high,39,vt_consensus_39,malwarebazaar,FluBot,0,confirmed_external,analyzed,,/home/kali/DroidForensix/samples/malware/abusech/flubot_a778818cc08d213d1f66db5fa8b34aabc862569ecb99fd1aea37ff6ccab48400.apk,FluBot,filename_prefix
malware_high,a93d66a127091d11090f544514d7e677c24db69d361008e60fffc5200331a1fe,exobot_a93d66a127091d11090f544514d7e677c24db69d361008e60fffc5200331a1fe.apk,MalwareBazaar,yes,Agent,high,40,vt_consensus_40,malwarebazaar,Exobot,0,confirmed_external,analyzed,,/home/kali/DroidForensix/samples/malware/abusech/exobot_a93d66a127091d11090f544514d7e677c24db69d361008e60fffc5200331a1fe.apk,Exobot,filename_prefix
malware_high,a959108ec8f93ee4c71e588236788d17372f9d61b8f71a509a776f097889f36b,flubot_a959108ec8f93ee4c71e588236788d17372f9d61b8f71a509a776f097889f36b.apk,MalwareBazaar,yes,AndroidOS,high,26,vt_consensus_26,malwarebazaar,FluBot,0,confirmed_external,analyzed,,/home/kali/DroidForensix/samples/malware/abusech/flubot_a959108ec8f93ee4c71e588236788d17372f9d61b8f71a509a776f097889f36b.apk,FluBot,filename_prefix
malware_high,a9d1561ed0d23a5473d68069337e2f8e7862f7b72b74251eb63ccc883ba9459f,escobar_a9d1561ed0d23a5473d68069337e2f8e7862f7b72b74251eb63ccc883ba9459f.apk,MalwareBazaar,yes,GenericKD,high,40,vt_consensus_40,malwarebazaar,Escobar,0,confirmed_external,analyzed,,/home/kali/DroidForensix/samples/malware/abusech/escobar_a9d1561ed0d23a5473d68069337e2f8e7862f7b72b74251eb63ccc883ba9459f.apk,Escobar,filename_prefix
malware_high,ab1363201d0897ab7c55dceb1f8664a58ac65fe4aee3c9600c5d7659f8ae58a9,spynote_ab1363201d0897ab7c55dceb1f8664a58ac65fe4aee3c9600c5d7659f8ae58a9.apk,MalwareBazaar,yes,SpyMax,high,25,vt_consensus_25,malwarebazaar,SpyNote,0,confirmed_external,analyzed,,/home/kali/DroidForensix/samples/malware/abusech/spynote_ab1363201d0897ab7c55dceb1f8664a58ac65fe4aee3c9600c5d7659f8ae58a9.apk,SpyNote,filename_prefix
malware_high,abf62033c4b913bf8368de607fdc4dd2677f9441541db3c2a9375dd9130ff9bb,unknown_abf62033c4b913bf8368de607fdc4dd2677f9441541db3c2a9375dd9130ff9bb.apk,MalwareBazaar,yes,Trojan ( 005cbb901 ),high,11,vt_consensus_11,malwarebazaar,,0,confirmed_external,analyzed,,/home/kali/DroidForensix/samples/malware/abusech/unknown_abf62033c4b913bf8368de607fdc4dd2677f9441541db3c2a9375dd9130ff9bb.apk,FakeChrome,mb_tags
malware_high,ad9f39e6166a47ae16359777b607055198cda23f004d9d7b066e22c0d0cf1e6d,unknown_ad9f39e6166a47ae16359777b607055198cda23f004d9d7b066e22c0d0cf1e6d.apk,MalwareBazaar,yes,Agent,high,17,vt_consensus_17,malwarebazaar,,0,confirmed_external,analyzed,,/home/kali/DroidForensix/samples/malware/abusech/unknown_ad9f39e6166a47ae16359777b607055198cda23f004d9d7b066e22c0d0cf1e6d.apk,FakeChrome,mb_tags
malware_high,ae502f67782e9cc2a6e33b868f14467f3dabf126e868a8e10a68aa2ddd4092e1,ermac_ae502f67782e9cc2a6e33b868f14467f3dabf126e868a8e10a68aa2ddd4092e1.apk,MalwareBazaar,yes,Banker,high,31,vt_consensus_31,malwarebazaar,Ermac,0,confirmed_external,analyzed,,/home/kali/DroidForensix/samples/malware/abusech/ermac_ae502f67782e9cc2a6e33b868f14467f3dabf126e868a8e10a68aa2ddd4092e1.apk,Ermac,filename_prefix
malware_high,b4dadf3553bb82499c4d0b6be96c47c46abc6904b611376d75c844ffb83725c6,exobot_b4dadf3553bb82499c4d0b6be96c47c46abc6904b611376d75c844ffb83725c6.apk,MalwareBazaar,yes,33107585,high,32,vt_consensus_32,malwarebazaar,Exobot,0,confirmed_external,analyzed,,/home/kali/DroidForensix/samples/malware/abusech/exobot_b4dadf3553bb82499c4d0b6be96c47c46abc6904b611376d75c844ffb83725c6.apk,Exobot,filename_prefix
malware_high,b74b65f68641feb46d22fddb595fff57cba53f5e3d4d780f4b1bf9b2682a9230,teabot_b74b65f68641feb46d22fddb595fff57cba53f5e3d4d780f4b1bf9b2682a9230.apk,MalwareBazaar,yes,Gen,high,36,vt_consensus_16,malwarebazaar,Anubis,0,confirmed_external,analyzed,,/home/kali/DroidForensix/samples/malware/abusech/teabot_b74b65f68641feb46d22fddb595fff57cba53f5e3d4d780f4b1bf9b2682a9230.apk,TeaBot,filename_prefix
malware_high,b88e7421bc61f4ce20c0694418fc97c1e77cfd3f2053857f87cc47512a55c3d3,teabot_b88e7421bc61f4ce20c0694418fc97c1e77cfd3f2053857f87cc47512a55c3d3.apk,MalwareBazaar,yes,GenericKD,high,36,vt_consensus_34,malwarebazaar,TeaBot,0,confirmed_external,analyzed,,/home/kali/DroidForensix/samples/malware/abusech/teabot_b88e7421bc61f4ce20c0694418fc97c1e77cfd3f2053857f87cc47512a55c3d3.apk,TeaBot,filename_prefix
malware_high,bb5c794018995f39d831214c479d96dad7d51bf34471b0613ea69489e5fc4fd5,hydra_bb5c794018995f39d831214c479d96dad7d51bf34471b0613ea69489e5fc4fd5.apk,MalwareBazaar,yes,Banker,high,27,vt_consensus_27,malwarebazaar,Hydra,0,confirmed_external,analyzed,,/home/kali/DroidForensix/samples/malware/abusech/hydra_bb5c794018995f39d831214c479d96dad7d51bf34471b0613ea69489e5fc4fd5.apk,Hydra,filename_prefix
malware_high,bca248d31bf87b605e8cca7587a9753d58a9ad9a8f7e6f7f882d03150d72869f,unknown_bca248d31bf87b605e8cca7587a9753d58a9ad9a8f7e6f7f882d03150d72869f.apk,MalwareBazaar,yes,AndroidOS,high,18,vt_consensus_18,malwarebazaar,,0,confirmed_external,analyzed,,/home/kali/DroidForensix/samples/malware/abusech/unknown_bca248d31bf87b605e8cca7587a9753d58a9ad9a8f7e6f7f882d03150d72869f.apk,Ollvm,mb_tags
malware_high,bf06df823a0a0b1b4618ee736f5f0bd508b315ea3c6b96a16d2a0d0e58906346,spynote_bf06df823a0a0b1b4618ee736f5f0bd508b315ea3c6b96a16d2a0d0e58906346.apk,MalwareBazaar,yes,SpyMax,high,28,vt_consensus_28,malwarebazaar,SpyNote,0,confirmed_external,analyzed,,/home/kali/DroidForensix/samples/malware/abusech/spynote_bf06df823a0a0b1b4618ee736f5f0bd508b315ea3c6b96a16d2a0d0e58906346.apk,SpyNote,filename_prefix
malware_high,c3c7df127552aa2594ad335d7cc955cb1274cc322455a89b1856a2adf9f83ded,teabot_c3c7df127552aa2594ad335d7cc955cb1274cc322455a89b1856a2adf9f83ded.apk,MalwareBazaar,yes,GenericKD,high,29,vt_consensus_29,malwarebazaar,TeaBot,0,confirmed_external,analyzed,,/home/kali/DroidForensix/samples/malware/abusech/teabot_c3c7df127552aa2594ad335d7cc955cb1274cc322455a89b1856a2adf9f83ded.apk,TeaBot,filename_prefix
malware_high,c5544517f1be9d5a721a951d906b26f9ad11adf4a06c3660a75e89f07dabb8aa,unknown_c5544517f1be9d5a721a951d906b26f9ad11adf4a06c3660a75e89f07dabb8aa.apk,MalwareBazaar,yes,Gen,high,22,vt_consensus_22,malwarebazaar,,0,confirmed_external,analyzed,,/home/kali/DroidForensix/samples/malware/abusech/unknown_c5544517f1be9d5a721a951d906b26f9ad11adf4a06c3660a75e89f07dabb8aa.apk,FakeTikTok,mb_tags
malware_high,c565f4b9b3c6bb095c6ce62ab02c5cc8a84502231f4facdddb6f3d7af2321b5e,hydra_c565f4b9b3c6bb095c6ce62ab02c5cc8a84502231f4facdddb6f3d7af2321b5e.apk,MalwareBazaar,yes,GenericKD,high,40,vt_consensus_40,malwarebazaar,Hydra,0,confirmed_external,analyzed,,/home/kali/DroidForensix/samples/malware/abusech/hydra_c565f4b9b3c6bb095c6ce62ab02c5cc8a84502231f4facdddb6f3d7af2321b5e.apk,Hydra,filename_prefix
malware_high,c5996e7a701f1154b48f962d01d457f9b7e95d9c3dd9bbd6a8e083865d563622,ermac_c5996e7a701f1154b48f962d01d457f9b7e95d9c3dd9bbd6a8e083865d563622.apk,MalwareBazaar,yes,GenericKD,high,40,vt_consensus_40,malwarebazaar,Ermac,0,confirmed_external,analyzed,,/home/kali/DroidForensix/samples/malware/abusech/ermac_c5996e7a701f1154b48f962d01d457f9b7e95d9c3dd9bbd6a8e083865d563622.apk,Ermac,filename_prefix
malware_high,c7944bdac5ce3255a56e77c6f2a83917f4b8a909646396669d408f207e751772,unknown_c7944bdac5ce3255a56e77c6f2a83917f4b8a909646396669d408f207e751772.apk,MalwareBazaar,yes,40094400,high,34,vt_consensus_34,malwarebazaar,,0,confirmed_external,analyzed,,/home/kali/DroidForensix/samples/malware/abusech/unknown_c7944bdac5ce3255a56e77c6f2a83917f4b8a909646396669d408f207e751772.apk,40094400,gt_specific
malware_high,cb147e7ce69723523f604da875d78ca4738e5f416d2297910ee179a5067e79fe,unknown_cb147e7ce69723523f604da875d78ca4738e5f416d2297910ee179a5067e79fe.apk,MalwareBazaar,yes,AndroidOS,high,23,vt_consensus_23,malwarebazaar,,0,confirmed_external,analyzed,,/home/kali/DroidForensix/samples/malware/abusech/unknown_cb147e7ce69723523f604da875d78ca4738e5f416d2297910ee179a5067e79fe.apk,NGate,pipeline_sig_verified
malware_high,ce462b41ab7480dce4f290a9921fca51ba40e502d480a348d50770607e3d02b9,unknown_ce462b41ab7480dce4f290a9921fca51ba40e502d480a348d50770607e3d02b9.apk,MalwareBazaar,yes,NGate,high,22,vt_consensus_22,malwarebazaar,,0,confirmed_external,analyzed,,/home/kali/DroidForensix/samples/malware/abusech/unknown_ce462b41ab7480dce4f290a9921fca51ba40e502d480a348d50770607e3d02b9.apk,NGate,gt_specific
malware_high,ce480d22d9936bc469d46abbcd51bdb74dc201216c29a97ba21c40e0299335bc,hydra_ce480d22d9936bc469d46abbcd51bdb74dc201216c29a97ba21c40e0299335bc.apk,MalwareBazaar,yes,Banker,high,29,vt_consensus_29,malwarebazaar,Hydra,0,confirmed_external,analyzed,,/home/kali/DroidForensix/samples/malware/abusech/hydra_ce480d22d9936bc469d46abbcd51bdb74dc201216c29a97ba21c40e0299335bc.apk,Hydra,filename_prefix
malware_high,ceb48e4b9d82b2ab7b486393048cdc78c6dfaf88799521e63677b06975f707cd,hydra_ceb48e4b9d82b2ab7b486393048cdc78c6dfaf88799521e63677b06975f707cd.apk,MalwareBazaar,yes,GenericKD,high,38,vt_consensus_38,malwarebazaar,Hydra,0,confirmed_external,analyzed,,/home/kali/DroidForensix/samples/malware/abusech/hydra_ceb48e4b9d82b2ab7b486393048cdc78c6dfaf88799521e63677b06975f707cd.apk,Hydra,filename_prefix
malware_high,d29295f1504676003fd3ccbd3e41a53aabbe80d2025bfb3a6ef9a9fcff97b6cd,unknown_d29295f1504676003fd3ccbd3e41a53aabbe80d2025bfb3a6ef9a9fcff97b6cd.apk,MalwareBazaar,yes,AndroidOS,high,23,vt_consensus_23,malwarebazaar,,0,confirmed_external,analyzed,,/home/kali/DroidForensix/samples/malware/abusech/unknown_d29295f1504676003fd3ccbd3e41a53aabbe80d2025bfb3a6ef9a9fcff97b6cd.apk,NGate,pipeline_sig_verified
malware_high,ec3ac26dc88851ddd209ca93eb156b721ebe4d4dce45188394fe65a8df95c457,unknown_ec3ac26dc88851ddd209ca93eb156b721ebe4d4dce45188394fe65a8df95c457.apk,MalwareBazaar,yes,Banker,high,14,vt_consensus_14,malwarebazaar,,0,confirmed_external,analyzed,,/home/kali/DroidForensix/samples/malware/abusech/unknown_ec3ac26dc88851ddd209ca93eb156b721ebe4d4dce45188394fe65a8df95c457.apk,FakeTikTok,mb_tags
malware_high,f73771a1b9887ebe85ce70b6dc459e0ce05ff6f71ba5833b5385a9e0a81af3df,unknown_f73771a1b9887ebe85ce70b6dc459e0ce05ff6f71ba5833b5385a9e0a81af3df.apk,MalwareBazaar,yes,Trojan ( 005cf1d81 ),high,16,vt_consensus_16,malwarebazaar,,0,confirmed_external,analyzed,,/home/kali/DroidForensix/samples/malware/abusech/unknown_f73771a1b9887ebe85ce70b6dc459e0ce05ff6f71ba5833b5385a9e0a81af3df.apk,FakeTikTok,mb_tags
malware_high,208e85cc66f2ee482dce1c6ee5f1ea45592e9fc9980c1b04b5157975d127dcf1,208e85cc66f2ee482dce1c6ee5f1ea45592e9fc9980c1b04b5157975d127dcf1.apk,abusech,yes,GenericKD,high,33,vt_consensus_33,malwarebazaar,Alien,0,confirmed_external,analyzed,,/home/kali/DroidForensix/samples/malware/abusech/208e85cc66f2ee482dce1c6ee5f1ea45592e9fc9980c1b04b5157975d127dcf1.apk,Alien,mb_signature
malware_high,44c68a4b47e80309bfd2ceb87ad3672cee1796da709a663b391c3678c29a0979,unknown_44c68a4b47e80309bfd2ceb87ad3672cee1796da709a663b391c3678c29a0979.apk,abusech,yes,Agent,high,13,vt_consensus_13,malwarebazaar,,0,confirmed_external,analyzed,,/home/kali/DroidForensix/samples/malware/abusech/unknown_44c68a4b47e80309bfd2ceb87ad3672cee1796da709a663b391c3678c29a0979.apk,,unresolved
malware_high,5494db78d03c9b3061c780520fc6713fa16cc8469c18ec9acb3d8eddff91964a,unknown_5494db78d03c9b3061c780520fc6713fa16cc8469c18ec9acb3d8eddff91964a.apk,abusech,yes,Gen,high,23,vt_consensus_23,malwarebazaar,,0,confirmed_external,analyzed,,/home/kali/DroidForensix/samples/malware/abusech/unknown_5494db78d03c9b3061c780520fc6713fa16cc8469c18ec9acb3d8eddff91964a.apk,,unresolved
malware_high,669b75fd2620fa990bb982c07f5233f5b3e98aff65d9d8ffb9683aaae6cb98c1,669b75fd2620fa990bb982c07f5233f5b3e98aff65d9d8ffb9683aaae6cb98c1.apk,abusech,yes,Trojan-Banker,high,16,vt_consensus_16,malwarebazaar,,0,confirmed_external,analyzed,,/home/kali/DroidForensix/samples/malware/abusech/669b75fd2620fa990bb982c07f5233f5b3e98aff65d9d8ffb9683aaae6cb98c1.apk,NGate,pipeline_sig_verified
malware_high,95236ef71738807ce60ef7d042699decb7156931931682cf46e6adc991dc9ecb,unknown_95236ef71738807ce60ef7d042699decb7156931931682cf46e6adc991dc9ecb.apk,abusech,yes,Andr/Banker-HDY,high,10,vt_consensus_10,malwarebazaar,,0,confirmed_external,analyzed,,/home/kali/DroidForensix/samples/malware/abusech/unknown_95236ef71738807ce60ef7d042699decb7156931931682cf46e6adc991dc9ecb.apk,Andr/Banker-HDY,gt_specific
malware_high,d5ca7ba75cfb8fd76929c1b8f6547780d8305a6654b6423124d380ff59b0d1c9,d5ca7ba75cfb8fd76929c1b8f6547780d8305a6654b6423124d380ff59b0d1c9.apk,abusech,yes,Banker,high,28,vt_consensus_28,malwarebazaar,Ermac,0,confirmed_external,analyzed,,/home/kali/DroidForensix/samples/malware/abusech/d5ca7ba75cfb8fd76929c1b8f6547780d8305a6654b6423124d380ff59b0d1c9.apk,Ermac,mb_signature
malware_high,d65ae353ce5d975cea85bb0fab578590a90061173657ba2e1a0c1110d9b8eb91,d65ae353ce5d975cea85bb0fab578590a90061173657ba2e1a0c1110d9b8eb91.apk,abusech,yes,Agent,high,37,vt_consensus_37,malwarebazaar,TeaBot,0,confirmed_external,analyzed,,/home/kali/DroidForensix/samples/malware/abusech/d65ae353ce5d975cea85bb0fab578590a90061173657ba2e1a0c1110d9b8eb91.apk,TeaBot,mb_signature
malware_high,d921e4c59b048aa4085712054c1fa0cac28994f8857b519f27a297b8f2c5d77d,d921e4c59b048aa4085712054c1fa0cac28994f8857b519f27a297b8f2c5d77d.apk,abusech,yes,Trojan-Dropper,high,19,vt_consensus_19,malwarebazaar,BankBot,0,confirmed_external,analyzed,,/home/kali/DroidForensix/samples/malware/abusech/d921e4c59b048aa4085712054c1fa0cac28994f8857b519f27a297b8f2c5d77d.apk,BankBot,mb_signature
malware_high,dcb44dcc682dfe8ac8582125fb201c583809c12f578e70eafd6c37de3cf06f86,dcb44dcc682dfe8ac8582125fb201c583809c12f578e70eafd6c37de3cf06f86.apk,abusech,yes,Gen,high,34,vt_consensus_29,malwarebazaar,Alien,0,confirmed_external,analyzed,,/home/kali/DroidForensix/samples/malware/abusech/dcb44dcc682dfe8ac8582125fb201c583809c12f578e70eafd6c37de3cf06f86.apk,Alien,mb_signature
malware_high,ddabe5999dbc9ffbc8b804a7ea6bb61415bc88e346b2d2c0d53bfff9dcc88d32,ddabe5999dbc9ffbc8b804a7ea6bb61415bc88e346b2d2c0d53bfff9dcc88d32.apk,abusech,yes,GenericKD,high,36,vt_consensus_36,malwarebazaar,TeaBot,0,confirmed_external,analyzed,,/home/kali/DroidForensix/samples/malware/abusech/ddabe5999dbc9ffbc8b804a7ea6bb61415bc88e346b2d2c0d53bfff9dcc88d32.apk,TeaBot,mb_signature
malware_high,de1d599dce6596fb6b5ed9aea4654e98e477877d6029e173a39a0dbd9db86f5c,unknown_de1d599dce6596fb6b5ed9aea4654e98e477877d6029e173a39a0dbd9db86f5c.apk,abusech,yes,Android/Agent,high,20,vt_consensus_20,malwarebazaar,,0,confirmed_external,analyzed,,/home/kali/DroidForensix/samples/malware/abusech/unknown_de1d599dce6596fb6b5ed9aea4654e98e477877d6029e173a39a0dbd9db86f5c.apk,ICICI,mb_tags
malware_high,decf0f2e6d42f5da6ef5f77954115e5cbbb8d68edab7151cf34d28a6d49cb9f8,decf0f2e6d42f5da6ef5f77954115e5cbbb8d68edab7151cf34d28a6d49cb9f8.apk,abusech,yes,Banker,high,25,vt_consensus_25,malwarebazaar,BankBot,0,confirmed_external,analyzed,,/home/kali/DroidForensix/samples/malware/abusech/decf0f2e6d42f5da6ef5f77954115e5cbbb8d68edab7151cf34d28a6d49cb9f8.apk,BankBot,mb_signature
malware_high,df5944f9190614f04a8818a50438dfaf3339fa95289cdc0af54f8f239eb253fd,df5944f9190614f04a8818a50438dfaf3339fa95289cdc0af54f8f239eb253fd.apk,abusech,yes,Agent,high,32,vt_consensus_31,malwarebazaar,FluBot,0,confirmed_external,analyzed,,/home/kali/DroidForensix/samples/malware/abusech/df5944f9190614f04a8818a50438dfaf3339fa95289cdc0af54f8f239eb253fd.apk,FluBot,mb_signature
malware_high,e0f530acc605475dc38c1bae9ecf9f7c94c80b8f24b695e3f8025dba1e8d5c22,e0f530acc605475dc38c1bae9ecf9f7c94c80b8f24b695e3f8025dba1e8d5c22.apk,abusech,yes,Andr/Banker-HDY,high,16,vt_consensus_16,malwarebazaar,,0,confirmed_external,analyzed,,/home/kali/DroidForensix/samples/malware/abusech/e0f530acc605475dc38c1bae9ecf9f7c94c80b8f24b695e3f8025dba1e8d5c22.apk,Andr/Banker-HDY,gt_specific
malware_high,e6e736df1923c47f6624dab18bf6a341995b5e756395256aa0b3f4c43594481a,e6e736df1923c47f6624dab18bf6a341995b5e756395256aa0b3f4c43594481a.apk,abusech,yes,AndroidOS,high,31,vt_consensus_28,malwarebazaar,,0,confirmed_external,analyzed,,/home/kali/DroidForensix/samples/malware/abusech/e6e736df1923c47f6624dab18bf6a341995b5e756395256aa0b3f4c43594481a.apk,Eventbot,mb_tags
malware_high,ea6776fac45c8844242fdb566a17e70569813298235567bbe9fa0dd062f1160b,ea6776fac45c8844242fdb566a17e70569813298235567bbe9fa0dd062f1160b.apk,abusech,yes,AndroidOS,high,31,vt_consensus_31,malwarebazaar,FluBot,0,confirmed_external,analyzed,,/home/kali/DroidForensix/samples/malware/abusech/ea6776fac45c8844242fdb566a17e70569813298235567bbe9fa0dd062f1160b.apk,FluBot,mb_signature
malware_high,f0462f4d2b0cdb23b0aa43f0faf2194bc947e85b0963c95211560eebe3756595,f0462f4d2b0cdb23b0aa43f0faf2194bc947e85b0963c95211560eebe3756595.apk,abusech,yes,AndroidOS,high,29,vt_consensus_29,malwarebazaar,Joker,0,confirmed_external,analyzed,,/home/kali/DroidForensix/samples/malware/abusech/f0462f4d2b0cdb23b0aa43f0faf2194bc947e85b0963c95211560eebe3756595.apk,Joker,mb_signature
malware_high,f07deea7b1b1053728c0079d30240d92c07853e3e37c86fa32540ee5e638d941,f07deea7b1b1053728c0079d30240d92c07853e3e37c86fa32540ee5e638d941.apk,abusech,yes,Gen,high,28,vt_consensus_28,malwarebazaar,,0,confirmed_external,analyzed,,/home/kali/DroidForensix/samples/malware/abusech/f07deea7b1b1053728c0079d30240d92c07853e3e37c86fa32540ee5e638d941.apk,,unresolved
malware_high,fb61404d33ac0737ff718c80082abdbf5bd9883ac5683c9f50dd71728d1805e3,fb61404d33ac0737ff718c80082abdbf5bd9883ac5683c9f50dd71728d1805e3.apk,abusech,yes,Bian,high,26,vt_consensus_26,malwarebazaar,,0,confirmed_external,analyzed,,/home/kali/DroidForensix/samples/malware/abusech/fb61404d33ac0737ff718c80082abdbf5bd9883ac5683c9f50dd71728d1805e3.apk,Bian,gt_specific
malware_high,fe1be052250f53b52017499744451c614e4771a392efa37afeb1b4774d861df0,fe1be052250f53b52017499744451c614e4771a392efa37afeb1b4774d861df0.apk,abusech,yes,Banker,high,27,vt_consensus_27,malwarebazaar,Ermac,0,confirmed_external,analyzed,,/home/kali/DroidForensix/samples/malware/abusech/fe1be052250f53b52017499744451c614e4771a392efa37afeb1b4774d861df0.apk,Ermac,mb_signature
malware_high,fe329c93c8a90149e50f48acaa77702e071290aa58203fc886fead002ff46094,fe329c93c8a90149e50f48acaa77702e071290aa58203fc886fead002ff46094.apk,abusech,yes,Agent,high,36,vt_consensus_36,malwarebazaar,Cerberus,0,confirmed_external,analyzed,,/home/kali/DroidForensix/samples/malware/abusech/fe329c93c8a90149e50f48acaa77702e071290aa58203fc886fead002ff46094.apk,Cerberus,mb_signature
malware_high,ff742233c4d1658056c3d74f6c7edeaa0bb2c9f5c028a7ce152cf5bd6c07365a,ff742233c4d1658056c3d74f6c7edeaa0bb2c9f5c028a7ce152cf5bd6c07365a.apk,abusech,yes,AndroidOS,high,20,vt_consensus_20,malwarebazaar,,0,confirmed_external,analyzed,,/home/kali/DroidForensix/samples/malware/abusech/ff742233c4d1658056c3d74f6c7edeaa0bb2c9f5c028a7ce152cf5bd6c07365a.apk,ICICI,mb_tags
malware_high,0000d4ba8d3decb4403a8e3bc94347552469aa761e34763da22602da891619f5,0000d4ba8d3decb4403a8e3bc94347552469aa761e34763da22602da891619f5.apk,androzoo,yes,Linux,high,29,vt_consensus_29,virustotal,Linux,29,confirmed_external,analyzed,,/home/kali/DroidForensix/samples/malware/androzoo/0000d4ba8d3decb4403a8e3bc94347552469aa761e34763da22602da891619f5.apk,,unresolved
malware_high,03818f12d9e7676c30efceb7b4815106406a4dc7507bb3e12c05a37f7879e183,03818f12d9e7676c30efceb7b4815106406a4dc7507bb3e12c05a37f7879e183.apk,modern_eval,yes,Android/Agent,high,20,vt_consensus_20,virustotal,Android/Agent,20,confirmed_external,analyzed,,/home/kali/DroidForensix/samples/malware/modern_eval/03818f12d9e7676c30efceb7b4815106406a4dc7507bb3e12c05a37f7879e183.apk,,unresolved
malware_high,0a02bda89021ac18c0c57979ea3c9d82c1054b5c9b375975401e3e21a2f4905a,0a02bda89021ac18c0c57979ea3c9d82c1054b5c9b375975401e3e21a2f4905a.apk,modern_eval,yes,Linux,high,25,vt_consensus_25,virustotal,Linux,25,confirmed_external,error: timeout after 900s,error: timeout after 900s,/home/kali/DroidForensix/samples/malware/modern_eval/0a02bda89021ac18c0c57979ea3c9d82c1054b5c9b375975401e3e21a2f4905a.apk,,unresolved
malware_high,0be115e1e9b74780151148ea021f7d3e43ebc5e7dff808a890338f9e5a31427a,0be115e1e9b74780151148ea021f7d3e43ebc5e7dff808a890338f9e5a31427a.apk,modern_eval,yes,SMSreg,high,23,vt_consensus_23,virustotal,SMSreg,23,confirmed_external,analyzed,,/home/kali/DroidForensix/samples/malware/modern_eval/0be115e1e9b74780151148ea021f7d3e43ebc5e7dff808a890338f9e5a31427a.apk,SMSreg,gt_specific
malware_high,0bfcd97d3b690babe1e96ec91af451e6f043edda34b9895e822c2e1ae2e21787,0bfcd97d3b690babe1e96ec91af451e6f043edda34b9895e822c2e1ae2e21787.apk,modern_eval,yes,AndroidOS,high,27,vt_consensus_27,virustotal,AndroidOS,27,confirmed_external,analyzed,,/home/kali/DroidForensix/samples/malware/modern_eval/0bfcd97d3b690babe1e96ec91af451e6f043edda34b9895e822c2e1ae2e21787.apk,,unresolved
malware_high,0e9cb2bb3435c2f4e5893b5a28982337f96621b11ddc48cb73c14ce7910f825a,0e9cb2bb3435c2f4e5893b5a28982337f96621b11ddc48cb73c14ce7910f825a.apk,modern_eval,yes,AndroidOS,high,25,vt_consensus_25,virustotal,AndroidOS,25,confirmed_external,analyzed,,/home/kali/DroidForensix/samples/malware/modern_eval/0e9cb2bb3435c2f4e5893b5a28982337f96621b11ddc48cb73c14ce7910f825a.apk,,unresolved
malware_high,126012e515b74d7ceb3f21535a4bac4730fc990b1ab87ab22355809da0f5eb70,126012e515b74d7ceb3f21535a4bac4730fc990b1ab87ab22355809da0f5eb70.apk,modern_eval,yes,Application,high,30,vt_consensus_30,virustotal,Application,31,confirmed_external,analyzed,,/home/kali/DroidForensix/samples/malware/modern_eval/126012e515b74d7ceb3f21535a4bac4730fc990b1ab87ab22355809da0f5eb70.apk,,unresolved
malware_high,14bafc31ee9bce174bca7df1c35d3b0ec11c573a1b0e3ecb1d5001409de1aeb5,14bafc31ee9bce174bca7df1c35d3b0ec11c573a1b0e3ecb1d5001409de1aeb5.apk,modern_eval,yes,AndroidOS,high,26,vt_consensus_26,virustotal,AndroidOS,26,confirmed_external,analyzed,,/home/kali/DroidForensix/samples/malware/modern_eval/14bafc31ee9bce174bca7df1c35d3b0ec11c573a1b0e3ecb1d5001409de1aeb5.apk,,unresolved
malware_high,1ba4bb9f0990697fa0c3b12ddf2d1f31ef385e14556c081f3f5e30dcbbf50f1a,1ba4bb9f0990697fa0c3b12ddf2d1f31ef385e14556c081f3f5e30dcbbf50f1a.apk,modern_eval,yes,AndroidOS,high,23,vt_consensus_23,malwarebazaar,GhostBat,0,confirmed_external,analyzed,,/home/kali/DroidForensix/samples/malware/modern_eval/1ba4bb9f0990697fa0c3b12ddf2d1f31ef385e14556c081f3f5e30dcbbf50f1a.apk,GhostBat,mb_signature
malware_high,1bbc9197e2b7a2090115a01d682934b79a88caa82d7c37ade39ae89a0f76129c,1bbc9197e2b7a2090115a01d682934b79a88caa82d7c37ade39ae89a0f76129c.apk,modern_eval,yes,Gen,high,26,vt_consensus_26,virustotal,Gen,26,confirmed_external,analyzed,,/home/kali/DroidForensix/samples/malware/modern_eval/1bbc9197e2b7a2090115a01d682934b79a88caa82d7c37ade39ae89a0f76129c.apk,,unresolved
malware_high,1c2d4a388c3109001751caf2cee1d27516286f4d1ff51dbf271e85dfc069ce98,1c2d4a388c3109001751caf2cee1d27516286f4d1ff51dbf271e85dfc069ce98.apk,modern_eval,yes,SmsSend,high,27,vt_consensus_27,virustotal,SmsSend,27,confirmed_external,analyzed,,/home/kali/DroidForensix/samples/malware/modern_eval/1c2d4a388c3109001751caf2cee1d27516286f4d1ff51dbf271e85dfc069ce98.apk,SmsSend,gt_specific
malware_high,1d132dc563405dbf978a35664780790fd9972de17e5110864f5cbbec0c6ce016,1d132dc563405dbf978a35664780790fd9972de17e5110864f5cbbec0c6ce016.apk,modern_eval,yes,AndroidOS,high,23,vt_consensus_23,virustotal,AndroidOS,23,confirmed_external,analyzed,,/home/kali/DroidForensix/samples/malware/modern_eval/1d132dc563405dbf978a35664780790fd9972de17e5110864f5cbbec0c6ce016.apk,,unresolved
malware_high,1d6640a63db2d4909aa9d1f8f6d4698abd89f2171c33240f0c821e2a94e0cec7,1d6640a63db2d4909aa9d1f8f6d4698abd89f2171c33240f0c821e2a94e0cec7.apk,modern_eval,yes,HyPay,high,16,vt_consensus_16,virustotal,HyPay,16,confirmed_external,analyzed,,/home/kali/DroidForensix/samples/malware/modern_eval/1d6640a63db2d4909aa9d1f8f6d4698abd89f2171c33240f0c821e2a94e0cec7.apk,HyPay,gt_specific
malware_high,1e7276097313eb4ede32eba76886e42696ecd2de41a1a7aeac5536ce717319c0,1e7276097313eb4ede32eba76886e42696ecd2de41a1a7aeac5536ce717319c0.apk,modern_eval,yes,Linux,high,24,vt_consensus_24,virustotal,Linux,24,confirmed_external,error: timeout after 900s,error: timeout after 900s,/home/kali/DroidForensix/samples/malware/modern_eval/1e7276097313eb4ede32eba76886e42696ecd2de41a1a7aeac5536ce717319c0.apk,,unresolved
malware_high,23d0741fc039ce734de0a50d6d8451fc3eabf702b3f707badb6d39e2b4faea65,23d0741fc039ce734de0a50d6d8451fc3eabf702b3f707badb6d39e2b4faea65.apk,modern_eval,yes,AndroidOS,high,25,vt_consensus_25,virustotal,AndroidOS,25,confirmed_external,analyzed,,/home/kali/DroidForensix/samples/malware/modern_eval/23d0741fc039ce734de0a50d6d8451fc3eabf702b3f707badb6d39e2b4faea65.apk,,unresolved
malware_high,2bda9042eef834886047cb07ea1fe44844bd5d373c96afe96ec8a39e487d2bb7,2bda9042eef834886047cb07ea1fe44844bd5d373c96afe96ec8a39e487d2bb7.apk,modern_eval,yes,HyPay,high,21,vt_consensus_21,virustotal,HyPay,21,confirmed_external,analyzed,,/home/kali/DroidForensix/samples/malware/modern_eval/2bda9042eef834886047cb07ea1fe44844bd5d373c96afe96ec8a39e487d2bb7.apk,HyPay,gt_specific
malware_high,3063914cc10de86a689070151a61172fc17619e71d1bd643a3d0cf94b84e10a8,3063914cc10de86a689070151a61172fc17619e71d1bd643a3d0cf94b84e10a8.apk,modern_eval,yes,AndroidOS,high,18,vt_consensus_18,malwarebazaar,Bradesco,0,confirmed_external,analyzed,,/home/kali/DroidForensix/samples/malware/modern_eval/3063914cc10de86a689070151a61172fc17619e71d1bd643a3d0cf94b84e10a8.apk,Bradesco,mb_signature
malware_high,3a6d53616484183e4c582b82ac147f05a0d08e86836be59bad03470d9605eded,3a6d53616484183e4c582b82ac147f05a0d08e86836be59bad03470d9605eded.apk,modern_eval,yes,Linux,high,24,vt_consensus_24,virustotal,Linux,24,confirmed_external,analyzed,,/home/kali/DroidForensix/samples/malware/modern_eval/3a6d53616484183e4c582b82ac147f05a0d08e86836be59bad03470d9605eded.apk,,unresolved
malware_high,3c0edd3c80f917d0045ac51d177e9a4768df5a66517005b0f7944423aa54b089,3c0edd3c80f917d0045ac51d177e9a4768df5a66517005b0f7944423aa54b089.apk,modern_eval,yes,SpyNote,high,14,vt_consensus_14,malwarebazaar,SpyNote,0,confirmed_external,analyzed,,/home/kali/DroidForensix/samples/malware/modern_eval/3c0edd3c80f917d0045ac51d177e9a4768df5a66517005b0f7944423aa54b089.apk,SpyNote,mb_signature
malware_high,61d4518fac40db1cef72d8b6f9a14080d93ef53a6f6e55605ee12da87978a14f,61d4518fac40db1cef72d8b6f9a14080d93ef53a6f6e55605ee12da87978a14f.apk,modern_eval,yes,Andr/Xgen2-AYJ,high,15,vt_consensus_15,malwarebazaar,Bradesco,0,confirmed_external,analyzed,,/home/kali/DroidForensix/samples/malware/modern_eval/61d4518fac40db1cef72d8b6f9a14080d93ef53a6f6e55605ee12da87978a14f.apk,Bradesco,mb_signature
malware_high,b459673b77209ff89a2833977b4de341a529722f1e4662451b514df220e13afc,b459673b77209ff89a2833977b4de341a529722f1e4662451b514df220e13afc.apk,modern_eval,yes,Andr/Xgen2-AYJ,high,15,vt_consensus_15,malwarebazaar,Bradesco,0,confirmed_external,analyzed,,/home/kali/DroidForensix/samples/malware/modern_eval/b459673b77209ff89a2833977b4de341a529722f1e4662451b514df220e13afc.apk,Bradesco,mb_signature
malware_high,d8b3327efe0c98be433a7a73591facb031fadcad747ad99e4ac3ccd0e6751290,d8b3327efe0c98be433a7a73591facb031fadcad747ad99e4ac3ccd0e6751290.apk,modern_eval,yes,UKP,high,18,vt_consensus_18,malwarebazaar,BtmobRAT,0,confirmed_external,analyzed,,/home/kali/DroidForensix/samples/malware/modern_eval/d8b3327efe0c98be433a7a73591facb031fadcad747ad99e4ac3ccd0e6751290.apk,BtmobRAT,mb_signature
malware_high,e763dd5e7ae6b2d1436f7f659dd4511e4bef24c5823fd0739dd1c9ec5154a4c0,e763dd5e7ae6b2d1436f7f659dd4511e4bef24c5823fd0739dd1c9ec5154a4c0.apk,modern_eval,yes,AndroidOS,high,17,vt_consensus_17,malwarebazaar,,0,confirmed_external,analyzed,,/home/kali/DroidForensix/samples/malware/modern_eval/e763dd5e7ae6b2d1436f7f659dd4511e4bef24c5823fd0739dd1c9ec5154a4c0.apk,Aversefalc,mb_tags
malware_low,00000a7eacfd7e392ea3aaee14bec0224e62bf72823a8101f6717d704dce3a79,00000a7eacfd7e392ea3aaee14bec0224e62bf72823a8101f6717d704dce3a79.apk,AndroZoo,yes,Detected,low,2,vt_detected_1,virustotal,Detected,1,confirmed_external,analyzed,,/home/kali/DroidForensix/samples/malware/androzoo/00000a7eacfd7e392ea3aaee14bec0224e62bf72823a8101f6717d704dce3a79.apk,,unresolved
malware_low,345bbac79d218919228838242d35fc475a7aab28d303d1d51ac6078cd59197d6,unknown_345bbac79d218919228838242d35fc475a7aab28d303d1d51ac6078cd59197d6.apk,MalwareBazaar,yes,SpyMax,low,2,vt_detected_2,malwarebazaar,,0,confirmed_external,analyzed,,/home/kali/DroidForensix/samples/malware/abusech/unknown_345bbac79d218919228838242d35fc475a7aab28d303d1d51ac6078cd59197d6.apk,SpyMax,gt_specific
malware_low,918eb87af81e92709d872621ea8ed0c086e38fbdf48a5e5ebdcab190f41bd07b,unknown_918eb87af81e92709d872621ea8ed0c086e38fbdf48a5e5ebdcab190f41bd07b.apk,MalwareBazaar,yes,unknown,low,0,source:abusech_no_vt_confirmation,malwarebazaar,,0,confirmed_external,analyzed,,/home/kali/DroidForensix/samples/malware/abusech/unknown_918eb87af81e92709d872621ea8ed0c086e38fbdf48a5e5ebdcab190f41bd07b.apk,,unresolved
malware_low,b2225250a1fcff06750f32d3abb999ffe26fbd21abc7b87ff0e91f8e0449652c,unknown_b2225250a1fcff06750f32d3abb999ffe26fbd21abc7b87ff0e91f8e0449652c.apk,MalwareBazaar,yes,unknown,low,0,source:abusech_no_vt_confirmation,malwarebazaar,,0,confirmed_external,error: timeout after 900s,error: timeout after 900s,/home/kali/DroidForensix/samples/malware/abusech/unknown_b2225250a1fcff06750f32d3abb999ffe26fbd21abc7b87ff0e91f8e0449652c.apk,,unresolved
malware_low,f03514da7d38e1a378429296a8d4405368aaad131dc069f513164eff569f7fca,unknown_f03514da7d38e1a378429296a8d4405368aaad131dc069f513164eff569f7fca.apk,MalwareBazaar,yes,unknown,low,0,source:abusech_no_vt_confirmation,malwarebazaar,,0,confirmed_external,analyzed,,/home/kali/DroidForensix/samples/malware/abusech/unknown_f03514da7d38e1a378429296a8d4405368aaad131dc069f513164eff569f7fca.apk,,unresolved
malware_medium,000026e846ffcf60e2a9e135251b4f411300e903dce95d47989b24158e93bb3d,000026e846ffcf60e2a9e135251b4f411300e903dce95d47989b24158e93bb3d.apk,AndroZoo,yes,Agent,medium,8,vt_detected_8,virustotal,Agent,6,confirmed_external,analyzed,,/home/kali/DroidForensix/samples/malware/androzoo/000026e846ffcf60e2a9e135251b4f411300e903dce95d47989b24158e93bb3d.apk,,unresolved
malware_medium,000027f4b7f5bd3bb48921aacc816ef937a0c91bb6e9e4c423db1f524bcaf32e,000027f4b7f5bd3bb48921aacc816ef937a0c91bb6e9e4c423db1f524bcaf32e.apk,AndroZoo,yes,Trojan ( 0001140e1 ),medium,5,vt_detected_5,virustotal,Trojan ( 0001140e1 ),5,confirmed_external,analyzed,,/home/kali/DroidForensix/samples/malware/androzoo/000027f4b7f5bd3bb48921aacc816ef937a0c91bb6e9e4c423db1f524bcaf32e.apk,,unresolved
malware_medium,00005b6b8fdd182a2f7ff41fe9738cdde5d39af500d60df38ae618bd76082cb5,00005b6b8fdd182a2f7ff41fe9738cdde5d39af500d60df38ae618bd76082cb5.apk,AndroZoo,yes,AndroidOS,medium,8,vt_detected_8,virustotal,AndroidOS,8,confirmed_external,analyzed,,/home/kali/DroidForensix/samples/malware/androzoo/00005b6b8fdd182a2f7ff41fe9738cdde5d39af500d60df38ae618bd76082cb5.apk,,unresolved
malware_medium,0000636f9c57d0adad87ffcfb4aa0ad71aefea915b4cd6267ee5de15e2de15a9,0000636f9c57d0adad87ffcfb4aa0ad71aefea915b4cd6267ee5de15e2de15a9.apk,AndroZoo,yes,AppRisk,medium,5,vt_detected_5,virustotal,AppRisk,5,confirmed_external,analyzed,,/home/kali/DroidForensix/samples/malware/androzoo/0000636f9c57d0adad87ffcfb4aa0ad71aefea915b4cd6267ee5de15e2de15a9.apk,AppRisk,gt_specific
malware_medium,00006453637aaa1deb7938bff60fe146927ae1611e8fb0c1741f7c75cca1dc53,00006453637aaa1deb7938bff60fe146927ae1611e8fb0c1741f7c75cca1dc53.apk,AndroZoo,yes,Jiagu,medium,9,vt_detected_9,virustotal,Jiagu,9,confirmed_external,analyzed,,/home/kali/DroidForensix/samples/malware/androzoo/00006453637aaa1deb7938bff60fe146927ae1611e8fb0c1741f7c75cca1dc53.apk,Jiagu,gt_specific
malware_medium,00009c58545b6b6fa22f5c2be900abb1b4029acf7ac57196d97fd1c0298886e2,00009c58545b6b6fa22f5c2be900abb1b4029acf7ac57196d97fd1c0298886e2.apk,AndroZoo,yes,Jiagu,medium,8,vt_detected_7,virustotal,Jiagu,7,confirmed_external,analyzed,,/home/kali/DroidForensix/samples/malware/androzoo/00009c58545b6b6fa22f5c2be900abb1b4029acf7ac57196d97fd1c0298886e2.apk,Jiagu,gt_specific
malware_medium,9b5905a253141d4f64394de73775541a7bb16714cff8d18684e24ae887c97fc2,ermac_9b5905a253141d4f64394de73775541a7bb16714cff8d18684e24ae887c97fc2.apk,MalwareBazaar,yes,BankBot,medium,3,vt_detected_3,malwarebazaar,Ermac,0,confirmed_external,analyzed,,/home/kali/DroidForensix/samples/malware/abusech/ermac_9b5905a253141d4f64394de73775541a7bb16714cff8d18684e24ae887c97fc2.apk,Ermac,filename_prefix
malware_medium,9c97d8ba3cab23750c3837b024bedde7e6bb7e27f5e6ff3bcd3817b9b9eb33d7,unknown_9c97d8ba3cab23750c3837b024bedde7e6bb7e27f5e6ff3bcd3817b9b9eb33d7.apk,MalwareBazaar,yes,General,medium,9,vt_detected_9,malwarebazaar,,0,confirmed_external,analyzed,,/home/kali/DroidForensix/samples/malware/abusech/unknown_9c97d8ba3cab23750c3837b024bedde7e6bb7e27f5e6ff3bcd3817b9b9eb33d7.apk,FakeTikTok,mb_tags
malware_medium,d7ddce85033dd6a5bb68d2751d903fe7cbda741c64351b9d5632ad4661add63a,unknown_d7ddce85033dd6a5bb68d2751d903fe7cbda741c64351b9d5632ad4661add63a.apk,MalwareBazaar,yes,AppRisk,medium,6,vt_detected_6,malwarebazaar,,0,confirmed_external,analyzed,,/home/kali/DroidForensix/samples/malware/abusech/unknown_d7ddce85033dd6a5bb68d2751d903fe7cbda741c64351b9d5632ad4661add63a.apk,AppRisk,gt_specific
malware_medium,dbfc18d920ae1c2acab8aeb4eda81da4f3acd39dd3d5c8faa0cb20dfd85593d3,unknown_dbfc18d920ae1c2acab8aeb4eda81da4f3acd39dd3d5c8faa0cb20dfd85593d3.apk,MalwareBazaar,yes,AndroidOS,medium,9,vt_detected_9,malwarebazaar,,0,confirmed_external,analyzed,,/home/kali/DroidForensix/samples/malware/abusech/unknown_dbfc18d920ae1c2acab8aeb4eda81da4f3acd39dd3d5c8faa0cb20dfd85593d3.apk,mParivahan,mb_tags
malware_medium,5af77b5f5d014162cd3bf43314ebb91f39658c5be335c1efff7c9564e298e719,unknown_5af77b5f5d014162cd3bf43314ebb91f39658c5be335c1efff7c9564e298e719.apk,abusech,yes,AdLibrary,medium,6,vt_detected_6,malwarebazaar,,0,confirmed_external,analyzed,,/home/kali/DroidForensix/samples/malware/abusech/unknown_5af77b5f5d014162cd3bf43314ebb91f39658c5be335c1efff7c9564e298e719.apk,AdLibrary,gt_specific
malware_medium,e4a321eff05a64115f04306b581c8fced4626f71963c4fd2188c0e8e92c018c6,e4a321eff05a64115f04306b581c8fced4626f71963c4fd2188c0e8e92c018c6.apk,abusech,yes,HEUR,medium,5,vt_detected_5,malwarebazaar,,0,confirmed_external,analyzed,,/home/kali/DroidForensix/samples/malware/abusech/e4a321eff05a64115f04306b581c8fced4626f71963c4fd2188c0e8e92c018c6.apk,HEUR,gt_specific
malware_medium,05a2da9df1b4aed78e16349c17443ccd83cb48ed9e38e38d0c0b6ce808a9c2a8,05a2da9df1b4aed78e16349c17443ccd83cb48ed9e38e38d0c0b6ce808a9c2a8.apk,modern_eval,yes,SpyNote,medium,0,existing:modern,malwarebazaar,SpyNote,0,confirmed_external,analyzed,,/home/kali/DroidForensix/samples/malware/modern_eval/05a2da9df1b4aed78e16349c17443ccd83cb48ed9e38e38d0c0b6ce808a9c2a8.apk,SpyNote,mb_signature
malware_medium,0bc98459a42d1d0108a882671f4496f214f8a68400810b9e034cdd7212f5a4fa,0bc98459a42d1d0108a882671f4496f214f8a68400810b9e034cdd7212f5a4fa.apk,modern_eval,yes,SpyNote,medium,0,existing:modern,malwarebazaar,SpyNote,0,confirmed_external,analyzed,,/home/kali/DroidForensix/samples/malware/modern_eval/0bc98459a42d1d0108a882671f4496f214f8a68400810b9e034cdd7212f5a4fa.apk,SpyNote,mb_signature
malware_medium,1f30b62c19be5de98456ec6915f1618da92cab68f20bf36cf91473788437f87a,1f30b62c19be5de98456ec6915f1618da92cab68f20bf36cf91473788437f87a.apk,modern_eval,yes,unknown,medium,0,existing:modern,malwarebazaar,,0,confirmed_external,analyzed,,/home/kali/DroidForensix/samples/malware/modern_eval/1f30b62c19be5de98456ec6915f1618da92cab68f20bf36cf91473788437f87a.apk,mParivahan,mb_tags
malware_medium,2cc755a2c9dae64ea5914bd32aa6824a3bc1f0e3be1f2d03c116ffc68f7772d0,2cc755a2c9dae64ea5914bd32aa6824a3bc1f0e3be1f2d03c116ffc68f7772d0.apk,modern_eval,yes,GhostBat,medium,0,existing:modern,malwarebazaar,GhostBat,0,confirmed_external,analyzed,,/home/kali/DroidForensix/samples/malware/modern_eval/2cc755a2c9dae64ea5914bd32aa6824a3bc1f0e3be1f2d03c116ffc68f7772d0.apk,GhostBat,mb_signature
malware_medium,357d6a12b37bf72550d9df5035f25157d3ca75e1a69e71783586ee4759ee7b45,357d6a12b37bf72550d9df5035f25157d3ca75e1a69e71783586ee4759ee7b45.apk,modern_eval,yes,unknown,medium,0,existing:modern,malwarebazaar,,0,confirmed_external,analyzed,,/home/kali/DroidForensix/samples/malware/modern_eval/357d6a12b37bf72550d9df5035f25157d3ca75e1a69e71783586ee4759ee7b45.apk,,unresolved
malware_medium,388d7fd938e51455ad9ba27eae9ce01fcbadff8ab88d5a7e9e742cb28402f1e8,388d7fd938e51455ad9ba27eae9ce01fcbadff8ab88d5a7e9e742cb28402f1e8.apk,modern_eval,yes,unknown,medium,0,existing:modern,malwarebazaar,,0,confirmed_external,analyzed,,/home/kali/DroidForensix/samples/malware/modern_eval/388d7fd938e51455ad9ba27eae9ce01fcbadff8ab88d5a7e9e742cb28402f1e8.apk,FakeTikTok,mb_tags
malware_medium,399f5bddd1e30bb612522c9c770e073f5e304165df170c4668550de34f34f7c1,399f5bddd1e30bb612522c9c770e073f5e304165df170c4668550de34f34f7c1.apk,modern_eval,yes,GhostBat,medium,0,existing:modern,malwarebazaar,GhostBat,0,confirmed_external,analyzed,,/home/kali/DroidForensix/samples/malware/modern_eval/399f5bddd1e30bb612522c9c770e073f5e304165df170c4668550de34f34f7c1.apk,GhostBat,mb_signature
malware_medium,3a03b35a4c614d651954f8298d5bb75abe33223e0791bdc1b9bdb2af69d3009b,3a03b35a4c614d651954f8298d5bb75abe33223e0791bdc1b9bdb2af69d3009b.apk,modern_eval,yes,unknown,medium,0,existing:modern,malwarebazaar,,0,confirmed_external,analyzed,,/home/kali/DroidForensix/samples/malware/modern_eval/3a03b35a4c614d651954f8298d5bb75abe33223e0791bdc1b9bdb2af69d3009b.apk,FakeTikTok,mb_tags
malware_medium,518f5438a21e9aa9a91f0dd589088e443fda111d8ada5ea67d1cf14d6645974c,518f5438a21e9aa9a91f0dd589088e443fda111d8ada5ea67d1cf14d6645974c.apk,modern_eval,yes,unknown,medium,0,existing:modern,malwarebazaar,,0,confirmed_external,analyzed,,/home/kali/DroidForensix/samples/malware/modern_eval/518f5438a21e9aa9a91f0dd589088e443fda111d8ada5ea67d1cf14d6645974c.apk,FakeTikTok,mb_tags
malware_medium,536cb0e2ffffa40d1ccd096eaaad43f094813bae15d8f6316dc35fb998d5e4cd,536cb0e2ffffa40d1ccd096eaaad43f094813bae15d8f6316dc35fb998d5e4cd.apk,modern_eval,yes,unknown,medium,0,existing:modern,malwarebazaar,,0,confirmed_external,analyzed,,/home/kali/DroidForensix/samples/malware/modern_eval/536cb0e2ffffa40d1ccd096eaaad43f094813bae15d8f6316dc35fb998d5e4cd.apk,Indusind,mb_tags
malware_medium,537f08755139d0199fb1751068eb49a92b68e0d1dcadaf03758837c3832f99c5,537f08755139d0199fb1751068eb49a92b68e0d1dcadaf03758837c3832f99c5.apk,modern_eval,yes,SpyNote,medium,0,existing:modern,malwarebazaar,SpyNote,0,confirmed_external,analyzed,,/home/kali/DroidForensix/samples/malware/modern_eval/537f08755139d0199fb1751068eb49a92b68e0d1dcadaf03758837c3832f99c5.apk,SpyNote,mb_signature
malware_medium,5cad494f67808745489659cd077dce429fce364a673c44c9d238d14dcca81732,5cad494f67808745489659cd077dce429fce364a673c44c9d238d14dcca81732.apk,modern_eval,yes,unknown,medium,0,existing:modern,malwarebazaar,,0,confirmed_external,analyzed,,/home/kali/DroidForensix/samples/malware/modern_eval/5cad494f67808745489659cd077dce429fce364a673c44c9d238d14dcca81732.apk,,unresolved
malware_medium,5f94e59c132a7ed0e35b60146d973a728ab9f390c8291f9547cee26c56427738,5f94e59c132a7ed0e35b60146d973a728ab9f390c8291f9547cee26c56427738.apk,modern_eval,yes,CraxsRAT,medium,0,existing:modern,malwarebazaar,CraxsRAT,0,confirmed_external,analyzed,,/home/kali/DroidForensix/samples/malware/modern_eval/5f94e59c132a7ed0e35b60146d973a728ab9f390c8291f9547cee26c56427738.apk,CraxsRAT,mb_signature
malware_medium,62545321423f75c0f4774c868a1677087399353adda0fb361cd3884d2680dcc2,62545321423f75c0f4774c868a1677087399353adda0fb361cd3884d2680dcc2.apk,modern_eval,yes,FantasyHub,medium,0,existing:modern,malwarebazaar,FantasyHub,0,confirmed_external,analyzed,,/home/kali/DroidForensix/samples/malware/modern_eval/62545321423f75c0f4774c868a1677087399353adda0fb361cd3884d2680dcc2.apk,FantasyHub,mb_signature
malware_medium,68b9c7ae6b51f211ecd0cfdd656bc3b14840627adc7073faf9504acdb0e52dae,68b9c7ae6b51f211ecd0cfdd656bc3b14840627adc7073faf9504acdb0e52dae.apk,modern_eval,yes,GhostBat,medium,0,existing:modern,malwarebazaar,GhostBat,0,confirmed_external,analyzed,,/home/kali/DroidForensix/samples/malware/modern_eval/68b9c7ae6b51f211ecd0cfdd656bc3b14840627adc7073faf9504acdb0e52dae.apk,GhostBat,mb_signature
malware_medium,72f18d019123393ae610dd73b25e5f30a4945430f6f835700d6bdee19f566a30,72f18d019123393ae610dd73b25e5f30a4945430f6f835700d6bdee19f566a30.apk,modern_eval,yes,SpyNote,medium,0,existing:modern,malwarebazaar,SpyNote,0,confirmed_external,analyzed,,/home/kali/DroidForensix/samples/malware/modern_eval/72f18d019123393ae610dd73b25e5f30a4945430f6f835700d6bdee19f566a30.apk,SpyNote,mb_signature
malware_medium,77eef34639c4d2d244ba407c6e0a1b9b5ec0187e73de1ae3acb0f71f3906f595,77eef34639c4d2d244ba407c6e0a1b9b5ec0187e73de1ae3acb0f71f3906f595.apk,modern_eval,yes,unknown,medium,0,existing:modern,malwarebazaar,,0,confirmed_external,analyzed,,/home/kali/DroidForensix/samples/malware/modern_eval/77eef34639c4d2d244ba407c6e0a1b9b5ec0187e73de1ae3acb0f71f3906f595.apk,mParivahan,mb_tags
malware_medium,84ddfdd7862e3c3481ae65b64d9087ab7c5c29355a29e9e7c3a4011a631f7387,84ddfdd7862e3c3481ae65b64d9087ab7c5c29355a29e9e7c3a4011a631f7387.apk,modern_eval,yes,unknown,medium,0,existing:modern,malwarebazaar,,0,confirmed_external,analyzed,,/home/kali/DroidForensix/samples/malware/modern_eval/84ddfdd7862e3c3481ae65b64d9087ab7c5c29355a29e9e7c3a4011a631f7387.apk,mParivahan,mb_tags
malware_medium,85a44fd5134cf1d317a7637f1fb47dcf570a93e925c365b2e8f103a0fa459290,85a44fd5134cf1d317a7637f1fb47dcf570a93e925c365b2e8f103a0fa459290.apk,modern_eval,yes,unknown,medium,0,existing:modern,malwarebazaar,,0,confirmed_external,analyzed,,/home/kali/DroidForensix/samples/malware/modern_eval/85a44fd5134cf1d317a7637f1fb47dcf570a93e925c365b2e8f103a0fa459290.apk,FakeTikTok,mb_tags
malware_medium,9a836ef59a4fb8cae0543fed24ca8c53015bee86d6b0ead0086917681c7576d4,9a836ef59a4fb8cae0543fed24ca8c53015bee86d6b0ead0086917681c7576d4.apk,modern_eval,yes,FantasyHub,medium,0,existing:modern,malwarebazaar,FantasyHub,0,confirmed_external,analyzed,,/home/kali/DroidForensix/samples/malware/modern_eval/9a836ef59a4fb8cae0543fed24ca8c53015bee86d6b0ead0086917681c7576d4.apk,FantasyHub,mb_signature
malware_medium,9c23c73a7fa3b1b3df8a61866dc36d263aa0754a0bb194e0d164a4773f4537f2,9c23c73a7fa3b1b3df8a61866dc36d263aa0754a0bb194e0d164a4773f4537f2.apk,modern_eval,yes,FantasyHub,medium,0,existing:modern,malwarebazaar,FantasyHub,0,confirmed_external,analyzed,,/home/kali/DroidForensix/samples/malware/modern_eval/9c23c73a7fa3b1b3df8a61866dc36d263aa0754a0bb194e0d164a4773f4537f2.apk,FantasyHub,mb_signature
malware_medium,9f42721255d8d62b4595b9040a9a7d742c8fe2a5ff17745c8e250cd04928c480,9f42721255d8d62b4595b9040a9a7d742c8fe2a5ff17745c8e250cd04928c480.apk,modern_eval,yes,unknown,medium,0,lure kit 10/11 assets byte-identical to RTO.apk BeatBanker payload; pkg dApp.binance.Trading.Signals; res/raw/Loda telegram exfil config shared | family=operator self-branding confirmed via runtime infrastructure; public alias: BeatBanker/BTMOB,malwarebazaar,,0,confirmed_external,analyzed,,/home/kali/DroidForensix/samples/malware/modern_eval/9f42721255d8d62b4595b9040a9a7d742c8fe2a5ff17745c8e250cd04928c480.apk,GhostBat,droidforensix_deep_analysis
malware_medium,a3ade4b9e03e459a5955d68c52f8dbf893ce0c2bfb56c1c8b7415ecfb7ec9246,a3ade4b9e03e459a5955d68c52f8dbf893ce0c2bfb56c1c8b7415ecfb7ec9246.apk,modern_eval,yes,Mirax,medium,0,existing:modern,malwarebazaar,Mirax,0,confirmed_external,analyzed,,/home/kali/DroidForensix/samples/malware/modern_eval/a3ade4b9e03e459a5955d68c52f8dbf893ce0c2bfb56c1c8b7415ecfb7ec9246.apk,Mirax,mb_signature
malware_medium,addbd8770b53a50e83c711143332c76e9160f920675e2de5591669d3b93f499b,addbd8770b53a50e83c711143332c76e9160f920675e2de5591669d3b93f499b.apk,modern_eval,yes,unknown,medium,0,existing:modern,malwarebazaar,,0,confirmed_external,analyzed,,/home/kali/DroidForensix/samples/malware/modern_eval/addbd8770b53a50e83c711143332c76e9160f920675e2de5591669d3b93f499b.apk,mParivahan,mb_tags
malware_medium,b634c8c0ec3a4d682630eed6ac1cc8d5e2b0481110121990edcb4e0df9867698,b634c8c0ec3a4d682630eed6ac1cc8d5e2b0481110121990edcb4e0df9867698.apk,modern_eval,yes,unknown,medium,0,existing:modern,malwarebazaar,,0,confirmed_external,analyzed,,/home/kali/DroidForensix/samples/malware/modern_eval/b634c8c0ec3a4d682630eed6ac1cc8d5e2b0481110121990edcb4e0df9867698.apk,,unresolved
malware_medium,b7f8c6b76b8b1a0f99fbec5eb467983e8fd18f3ef496957bd8fb9c5bfca5e50b,b7f8c6b76b8b1a0f99fbec5eb467983e8fd18f3ef496957bd8fb9c5bfca5e50b.apk,modern_eval,yes,FantasyHub,medium,0,existing:modern,malwarebazaar,FantasyHub,0,confirmed_external,analyzed,,/home/kali/DroidForensix/samples/malware/modern_eval/b7f8c6b76b8b1a0f99fbec5eb467983e8fd18f3ef496957bd8fb9c5bfca5e50b.apk,FantasyHub,mb_signature
malware_medium,b7ffef61c60d80eee806f36f30f80ff9cf3f73d522bd05e192fa34dcf2e87224,b7ffef61c60d80eee806f36f30f80ff9cf3f73d522bd05e192fa34dcf2e87224.apk,modern_eval,yes,FantasyHub,medium,0,existing:modern,malwarebazaar,FantasyHub,0,confirmed_external,analyzed,,/home/kali/DroidForensix/samples/malware/modern_eval/b7ffef61c60d80eee806f36f30f80ff9cf3f73d522bd05e192fa34dcf2e87224.apk,FantasyHub,mb_signature
malware_medium,bb990fe92faff97b2e3e606ca0eeac34253c471d9e84da98111e1c81cfd0a960,bb990fe92faff97b2e3e606ca0eeac34253c471d9e84da98111e1c81cfd0a960.apk,modern_eval,yes,FantasyHub,medium,0,existing:modern,malwarebazaar,FantasyHub,0,confirmed_external,analyzed,,/home/kali/DroidForensix/samples/malware/modern_eval/bb990fe92faff97b2e3e606ca0eeac34253c471d9e84da98111e1c81cfd0a960.apk,FantasyHub,mb_signature
malware_medium,bf586ec8ce8528d26ec491fa5864dc590cefae88da176246296bb849e226a0c8,bf586ec8ce8528d26ec491fa5864dc590cefae88da176246296bb849e226a0c8.apk,modern_eval,yes,SpyNote,medium,0,existing:modern,malwarebazaar,SpyNote,0,confirmed_external,analyzed,,/home/kali/DroidForensix/samples/malware/modern_eval/bf586ec8ce8528d26ec491fa5864dc590cefae88da176246296bb849e226a0c8.apk,SpyNote,mb_signature
malware_medium,c17aff83c3fbddb86fe5a40d7a654af5591b16522fb15c222bbf3d57b0b16748,c17aff83c3fbddb86fe5a40d7a654af5591b16522fb15c222bbf3d57b0b16748.apk,modern_eval,yes,unknown,medium,0,existing:modern,malwarebazaar,,0,confirmed_external,analyzed,,/home/kali/DroidForensix/samples/malware/modern_eval/c17aff83c3fbddb86fe5a40d7a654af5591b16522fb15c222bbf3d57b0b16748.apk,Indusind,mb_tags
malware_medium,ca9ae76de194548709966263c227709d5c57c8e57f07f50d1532cf52fc5f438d,ca9ae76de194548709966263c227709d5c57c8e57f07f50d1532cf52fc5f438d.apk,modern_eval,yes,unknown,medium,0,existing:modern,malwarebazaar,,0,confirmed_external,analyzed,,/home/kali/DroidForensix/samples/malware/modern_eval/ca9ae76de194548709966263c227709d5c57c8e57f07f50d1532cf52fc5f438d.apk,mParivahan,mb_tags
malware_medium,cb0a4a758877e3f18a85fe307c6d4a7baf9924aab93bcbcb41f81eb13d9ac0f6,cb0a4a758877e3f18a85fe307c6d4a7baf9924aab93bcbcb41f81eb13d9ac0f6.apk,modern_eval,yes,unknown,medium,0,existing:modern,malwarebazaar,,0,confirmed_external,analyzed,,/home/kali/DroidForensix/samples/malware/modern_eval/cb0a4a758877e3f18a85fe307c6d4a7baf9924aab93bcbcb41f81eb13d9ac0f6.apk,FakeTikTok,mb_tags
malware_medium,cb7744fe6345dd0e4f15f1acdde23ecb6d484b3c8a6ce8792628a6a1453eefa4,cb7744fe6345dd0e4f15f1acdde23ecb6d484b3c8a6ce8792628a6a1453eefa4.apk,modern_eval,yes,unknown,medium,0,existing:modern,malwarebazaar,,0,confirmed_external,analyzed,,/home/kali/DroidForensix/samples/malware/modern_eval/cb7744fe6345dd0e4f15f1acdde23ecb6d484b3c8a6ce8792628a6a1453eefa4.apk,mParivahan,mb_tags
malware_medium,cbc71b0bd3f94cb163a8ab106242aa7638aced10e7b8c4d6179bc7fc5ba649f2,cbc71b0bd3f94cb163a8ab106242aa7638aced10e7b8c4d6179bc7fc5ba649f2.apk,modern_eval,yes,unknown,medium,0,existing:modern,malwarebazaar,,0,confirmed_external,analyzed,,/home/kali/DroidForensix/samples/malware/modern_eval/cbc71b0bd3f94cb163a8ab106242aa7638aced10e7b8c4d6179bc7fc5ba649f2.apk,,unresolved
malware_medium,d472e114361dd2c6ebafb60daa72ba2db09752de5b243538f0fee18410ad6a25,d472e114361dd2c6ebafb60daa72ba2db09752de5b243538f0fee18410ad6a25.apk,modern_eval,yes,SpyNote,medium,0,existing:modern,malwarebazaar,SpyNote,0,confirmed_external,analyzed,,/home/kali/DroidForensix/samples/malware/modern_eval/d472e114361dd2c6ebafb60daa72ba2db09752de5b243538f0fee18410ad6a25.apk,SpyNote,mb_signature
malware_medium,d6d1f2dd6db3177ccbde0fe17170cc4fa81078d1a9a900f1f5dd73ddce5f06e6,d6d1f2dd6db3177ccbde0fe17170cc4fa81078d1a9a900f1f5dd73ddce5f06e6.apk,modern_eval,yes,unknown,medium,0,existing:modern,malwarebazaar,,0,confirmed_external,analyzed,,/home/kali/DroidForensix/samples/malware/modern_eval/d6d1f2dd6db3177ccbde0fe17170cc4fa81078d1a9a900f1f5dd73ddce5f06e6.apk,mParivahan,mb_tags
malware_medium,dceebf2ce1186b22f60b7ee064670db88347761767ea8610a35e50e568b348b3,dceebf2ce1186b22f60b7ee064670db88347761767ea8610a35e50e568b348b3.apk,modern_eval,yes,unknown,medium,0,existing:modern,malwarebazaar,,0,confirmed_external,analyzed,,/home/kali/DroidForensix/samples/malware/modern_eval/dceebf2ce1186b22f60b7ee064670db88347761767ea8610a35e50e568b348b3.apk,Indusind,mb_tags
malware_medium,dea110082d57d210d746c7d9fe791d8e297de82ccd5e48c2813c615a45913e8e,dea110082d57d210d746c7d9fe791d8e297de82ccd5e48c2813c615a45913e8e.apk,modern_eval,yes,SpyNote,medium,0,existing:modern,malwarebazaar,SpyNote,0,confirmed_external,analyzed,,/home/kali/DroidForensix/samples/malware/modern_eval/dea110082d57d210d746c7d9fe791d8e297de82ccd5e48c2813c615a45913e8e.apk,SpyNote,mb_signature
malware_medium,f5b84a261a19b8066cb609124d97bc52df08f08f564d32358a15aaf511caf5e4,f5b84a261a19b8066cb609124d97bc52df08f08f564d32358a15aaf511caf5e4.apk,modern_eval,yes,unknown,medium,0,existing:modern,malwarebazaar,,0,confirmed_external,analyzed,,/home/kali/DroidForensix/samples/malware/modern_eval/f5b84a261a19b8066cb609124d97bc52df08f08f564d32358a15aaf511caf5e4.apk,,unresolved
malware_medium,fca210ed8b28a9544d0db5a8387fe75c26091003041220a9d28cb445e8169aad,fca210ed8b28a9544d0db5a8387fe75c26091003041220a9d28cb445e8169aad.apk,modern_eval,yes,GhostBat,medium,0,existing:modern,malwarebazaar,GhostBat,0,confirmed_external,analyzed,,/home/kali/DroidForensix/samples/malware/modern_eval/fca210ed8b28a9544d0db5a8387fe75c26091003041220a9d28cb445e8169aad.apk,GhostBat,mb_signature
malware_medium,fea09cb621507334ff92f30e0455db20e0de38a86e8b3e38c434340cc4ca2112,fea09cb621507334ff92f30e0455db20e0de38a86e8b3e38c434340cc4ca2112.apk,modern_eval,yes,General,medium,8,vt_detected_8,malwarebazaar,Bradesco,0,confirmed_external,analyzed,,/home/kali/DroidForensix/samples/malware/modern_eval/fea09cb621507334ff92f30e0455db20e0de38a86e8b3e38c434340cc4ca2112.apk,Bradesco,mb_signature
malware,348f8b090b51ba27e9042f19730a61c04bb31691d7939fd1047dffc5f51a8d4e,RTO.apk,manual_analysis,yes,,high,,"full static+pcode emulation analysis (rto_analysis/PHASE4-6): BeatBanker/BTMOB dropper - AES myg0N payload, XMR miner, mParivahan phishing kit, silent split-APK installer | family=operator self-branding confirmed via runtime infrastructure; public alias: BeatBanker/BTMOB",,,,,analyzed,,/home/kali/DroidForensix/RTO.apk,GhostBat,droidforensix_deep_analysis
