sample_name,sha256,md5,family,source,type,tags,file_size_bytes,status,vt_detections,collection_date
00000a7eacfd7e392ea3aaee14bec0224e62bf72823a8101f6717d704dce3a79.apk,00000a7eacfd7e392ea3aaee14bec0224e62bf72823a8101f6717d704dce3a79,A08BA17CF4F1BD6FC45AFB612B0791C7,com.hash.locationrecord,AndroZoo,malware,vt_detection=2;markets=play.google.com,7826890,analyzed,,2026-06-16
00001f58c32e40376f64cc88b70f8fad2fda054e0863abd5e41f4c6f18a65da2.apk,00001f58c32e40376f64cc88b70f8fad2fda054e0863abd5e41f4c6f18a65da2,1a01e2c408d136a5bca0cdc688c646a1,com.colorme.game.jisushuzipai,AndroZoo,malware,vt_detection=20;markets=angeeks,1514427,analyzed,,2026-06-16
0000237117863e534ceec544bc9460f09b542d48260c2e045174d03e65ad5c28.apk,0000237117863e534ceec544bc9460f09b542d48260c2e045174d03e65ad5c28,E0F25B20EE2057958FC8999372F049EC,com.kezhan.buildAndsign,AndroZoo,malware,vt_detection=11;markets=anzhi,2938302,analyzed,,2026-06-16
000026e846ffcf60e2a9e135251b4f411300e903dce95d47989b24158e93bb3d.apk,000026e846ffcf60e2a9e135251b4f411300e903dce95d47989b24158e93bb3d,9C033944F2E293BE73AFBB995317C862,com.wSpeedtest1A,AndroZoo,malware,vt_detection=8;markets=play.google.com,704666,analyzed,,2026-06-16
000027d1da96332efcb54af76906a7298121ebcccdab3d7dce999f8043e74ee7.apk,000027d1da96332efcb54af76906a7298121ebcccdab3d7dce999f8043e74ee7,E268C1B54459FD0D23D670291090CBBE,com.acp.gfipmg,AndroZoo,malware,vt_detection=31;markets=VirusShare,1750444,analyzed,,2026-06-16
000027f4b7f5bd3bb48921aacc816ef937a0c91bb6e9e4c423db1f524bcaf32e.apk,000027f4b7f5bd3bb48921aacc816ef937a0c91bb6e9e4c423db1f524bcaf32e,68EDCD0373384503173E474907A36778,com.artwall.IntroductionToTheTempleOfTheBlessedVirginMaryWallpapers,AndroZoo,malware,vt_detection=5;markets=play.google.com,19216389,analyzed,,2026-06-16
00002d74a9faa53f5199c910b652ef09d3a7f6bd42b693755a233635c3ffb0f4.apk,00002d74a9faa53f5199c910b652ef09d3a7f6bd42b693755a233635c3ffb0f4,06B18D4DAF44082E9D9B0FE44612B1BA,com.perfectlove,AndroZoo,malware,vt_detection=19;markets=unknown|appchina,238808,analyzed,,2026-06-16
0000511d5c2a99b303afd14d2acde3ebbad5c3426039679b25f24510a87b381c.apk,0000511d5c2a99b303afd14d2acde3ebbad5c3426039679b25f24510a87b381c,E8D7F8B95D6FFFBAC7B05E0D18F5107B,com.ictr.dakd,AndroZoo,malware,vt_detection=11;markets=VirusShare,3388632,analyzed,,2026-06-16
00005b6b8fdd182a2f7ff41fe9738cdde5d39af500d60df38ae618bd76082cb5.apk,00005b6b8fdd182a2f7ff41fe9738cdde5d39af500d60df38ae618bd76082cb5,8EE732C689CFBCA099B415E89FFED9E0,com.ww.share,AndroZoo,malware,vt_detection=7;markets=anzhi,13149616,analyzed,,2026-06-16
00005be947a8f108382b59ced7d1e95871a68539c00ff53fd3e1d93c58e2ba6c.apk,00005be947a8f108382b59ced7d1e95871a68539c00ff53fd3e1d93c58e2ba6c,adcfff48f32e1e38bebdfc03d75b1e54,com.taolimogucun.dkdk,AndroZoo,malware,vt_detection=5;markets=anzhi,19977282,analyzed,,2026-06-16
0000636f9c57d0adad87ffcfb4aa0ad71aefea915b4cd6267ee5de15e2de15a9.apk,0000636f9c57d0adad87ffcfb4aa0ad71aefea915b4cd6267ee5de15e2de15a9,66813190742C4F5472BB3B1CEAB27F6D,com.tencent.android.qqdownloader,AndroZoo,malware,vt_detection=5;markets=VirusShare,11206167,analyzed,5,2026-06-16
00006453637aaa1deb7938bff60fe146927ae1611e8fb0c1741f7c75cca1dc53.apk,00006453637aaa1deb7938bff60fe146927ae1611e8fb0c1741f7c75cca1dc53,E0CD93B137C0B9807B7DDABB7DBB3948,air.com.aaaedu.doubleenphonetic,AndroZoo,malware,vt_detection=9;markets=appchina,34182917,analyzed,,2026-06-16
0000689bf34a969056e8190b4421945b098b890e1ea7001003a78bd13825b5db.apk,0000689bf34a969056e8190b4421945b098b890e1ea7001003a78bd13825b5db,a56560e5ba668b25f81ebea24c019199,com.acevireally.firsttvinnytheviking,AndroZoo,malware,vt_detection=11;markets=anzhi,18513984,analyzed,,2026-06-16
0000764713b286cfe7e8e76c7038c92312977712d9c5a86d504be54f3c1d025a.apk,0000764713b286cfe7e8e76c7038c92312977712d9c5a86d504be54f3c1d025a,C7A616849372467D03E51022A31B857A,tp5x.WGt12,AndroZoo,malware,vt_detection=38;markets=unknown,139335,analyzed,,2026-06-16
000086eb3bd03827407aef16d67de013d4242d9910b0fc74bb77f8be486a1156.apk,000086eb3bd03827407aef16d67de013d4242d9910b0fc74bb77f8be486a1156,5E851637A2836AA3F20ED8935431E52F,mema.akngahh,AndroZoo,malware,vt_detection=7;markets=PlayDrone,1948120,analyzed,,2026-06-16
000091f2fac1083dc578240acf9d24ede3ce7b9f9e517b37f44a2cdae0ff0fb3.apk,000091f2fac1083dc578240acf9d24ede3ce7b9f9e517b37f44a2cdae0ff0fb3,fb3fd960361ba4d55544f9c38e88c5b5,org.vv.calc.practice,AndroZoo,malware,vt_detection=11;markets=anzhi,2594870,analyzed,,2026-06-16
00009ae5a877e56bb367d919f4393414bb49ffef94c84ae122f8c85a9ad522c3.apk,00009ae5a877e56bb367d919f4393414bb49ffef94c84ae122f8c85a9ad522c3,BE47C60D7305201F3127C2235AD04C78,com.qingk.fdovdtvswosuscouwofotferesxrquer,AndroZoo,malware,vt_detection=9;markets=VirusShare,25231799,analyzed,,2026-06-16
00009c58545b6b6fa22f5c2be900abb1b4029acf7ac57196d97fd1c0298886e2.apk,00009c58545b6b6fa22f5c2be900abb1b4029acf7ac57196d97fd1c0298886e2,A78BF4102DDBC20ACDB0BB1682DE703D,cn.net.cnea.transportcapacitycooldemo,AndroZoo,malware,vt_detection=8;markets=anzhi,28025206,analyzed,,2026-06-16
0000a053de676b4d381cc35632d0e5ab67c098bd2c8fb55571750c07f888c465.apk,0000a053de676b4d381cc35632d0e5ab67c098bd2c8fb55571750c07f888c465,577CAFB25CE2CFE9CDED41C152BE6AFC,com.jugg.xiaozhukuaipao.anzhi,AndroZoo,malware,vt_detection=3;markets=anzhi,7683203,analyzed,,2026-06-16
0000a6d452d58424a8b7613f175af5937f590033616b808bf8c0445695f82541.apk,0000a6d452d58424a8b7613f175af5937f590033616b808bf8c0445695f82541,84F5027651C33BC3BC967C7FDA552B0E,com.maatto.quack.ncr,AndroZoo,malware,vt_detection=14;markets=VirusShare,15548117,analyzed,,2026-06-16
0000b2ee9720dd6028e5cac22cb3689f1b67dd26113b30c3d2698c362809b892.apk,0000b2ee9720dd6028e5cac22cb3689f1b67dd26113b30c3d2698c362809b892,e7799a206ec17934c19774ace0b0886c,com.dksmdz.model,AndroZoo,malware,vt_detection=4;markets=anzhi,1111508,analyzed,,2026-06-16
0000bbba321e673b89da37baf825c9e28c66ba72535fb42d11f8b5c35ae53abb.apk,0000bbba321e673b89da37baf825c9e28c66ba72535fb42d11f8b5c35ae53abb,3C31F8781B03A3A743C47A793F1A67DD,com.readnovel.book_88488,AndroZoo,malware,vt_detection=15;markets=appchina,2288820,analyzed,,2026-06-16
0000bbe0733122b3872576fb080df7fded864325f193b36acf0fcb9e0a74c5d8.apk,0000bbe0733122b3872576fb080df7fded864325f193b36acf0fcb9e0a74c5d8,45e02718d8bb379a6631a25ebdc57ba3,com.andan.mgtxpmgtx,AndroZoo,malware,vt_detection=8;markets=anzhi,4401070,analyzed,,2026-06-16
0000c26310f1042ba3c2755a44addd13d1befb90ee1041b47585529eb3757c07.apk,0000c26310f1042ba3c2755a44addd13d1befb90ee1041b47585529eb3757c07,b997a5efe9604fd6ae6e5b889cbfd7a4,com.sdfasdwer.madgear,AndroZoo,malware,vt_detection=18;markets=anzhi,9134042,analyzed,,2026-06-16
0000d3e05cfad4c3f301f8b47986354aaca80ac236c5934ec287d91e3efc037b.apk,0000d3e05cfad4c3f301f8b47986354aaca80ac236c5934ec287d91e3efc037b,5fa6d835f6c67c5e20c13de3937c71f1,com.omg.wappfame.hbtx,AndroZoo,malware,vt_detection=9;markets=anzhi,26733706,analyzed,,2026-06-16
PhantomCard_1fa2150192384a7abb27ad92295aa937efca1b2ac88dc802d3a68082d61c38e9.apk,1fa2150192384a7abb27ad92295aa937efca1b2ac88dc802d3a68082d61c38e9,adf8298546c025877639ae4ba4fe8674,PhantomCard,MalwareBazaar,malware,apk;banker;phantomcard;signed,4442243,error: file not found,,2026-06-19
Arsink_c88da5311950247f46c8348765113b8d103505ceff6b52ad91e4e7547bc4a26e.apk,c88da5311950247f46c8348765113b8d103505ceff6b52ad91e4e7547bc4a26e,d0726062beaf2f27323ddb0203a98f6e,Arsink,MalwareBazaar,malware,apk;Arsink;signed,3224456,error: file not found,,2026-06-19
unknown_4eb2ac595b1a17ddde607d55dc41d93896eeca3a01cd440b8953159bca3a418d.apk,4eb2ac595b1a17ddde607d55dc41d93896eeca3a01cd440b8953159bca3a418d,4d9dbc1e193b2e8a6f1ffac369aa2bd0,unknown,MalwareBazaar,malware,apk,17142920,analyzed,,2026-06-19
unknown_563bc028fac5f38f3849a3808bcba9cc41beeaf4b9ff771d383954beb1267e0b.apk,563bc028fac5f38f3849a3808bcba9cc41beeaf4b9ff771d383954beb1267e0b,821123eba04ec3d967445fc21292ad15,unknown,MalwareBazaar,malware,android;apk;Goi;malware;mparivahan;signed;trojan,2394278,analyzed,,2026-06-19
unknown_d7ddce85033dd6a5bb68d2751d903fe7cbda741c64351b9d5632ad4661add63a.apk,d7ddce85033dd6a5bb68d2751d903fe7cbda741c64351b9d5632ad4661add63a,0b2c52ffb13372e499263260da270fb2,unknown,MalwareBazaar,malware,android;apk;Goi;malware;mparivahan;trojan,14621372,analyzed,,2026-06-19
unknown_dbfc18d920ae1c2acab8aeb4eda81da4f3acd39dd3d5c8faa0cb20dfd85593d3.apk,dbfc18d920ae1c2acab8aeb4eda81da4f3acd39dd3d5c8faa0cb20dfd85593d3,d98d5342e4670c0cfcecd9b78490ddec,unknown,MalwareBazaar,malware,android;apk;Goi;malware;mparivahan;trojan,15559356,analyzed,,2026-06-19
unknown_f73771a1b9887ebe85ce70b6dc459e0ce05ff6f71ba5833b5385a9e0a81af3df.apk,f73771a1b9887ebe85ce70b6dc459e0ce05ff6f71ba5833b5385a9e0a81af3df,d87c814d4f267c788ae76d10e69b65d7,unknown,MalwareBazaar,malware,android;apk;dropper;infostealer;malware;Tiktok;trojan,18800482,analyzed,,2026-06-19
unknown_44b5086d35b879afb9278392c230cdd0d16ac9b830cd44e75ece6ccf0fd4952c.apk,44b5086d35b879afb9278392c230cdd0d16ac9b830cd44e75ece6ccf0fd4952c,2e4e7b02fa56610bce2968c20d55814f,unknown,MalwareBazaar,malware,android;apk;BankBot;banker;Goi;mparivahan,12472801,analyzed,,2026-06-19
unknown_58cc948bd809292143e604c3e03735c9517f94b37dd35299ca5e81d7b902d620.apk,58cc948bd809292143e604c3e03735c9517f94b37dd35299ca5e81d7b902d620,9ea8644cddd3e9d76ede8f7877684ad5,unknown,MalwareBazaar,malware,android;apk;banker;dropper;signed;Tiktok,6803051,analyzed,,2026-06-19
unknown_ec3ac26dc88851ddd209ca93eb156b721ebe4d4dce45188394fe65a8df95c457.apk,ec3ac26dc88851ddd209ca93eb156b721ebe4d4dce45188394fe65a8df95c457,00020172a5cbf3d0f836af22ac103d61,unknown,MalwareBazaar,malware,android;apk;banker;dropper;signed;Tiktok,70144681,analyzed,,2026-06-19
unknown_9c97d8ba3cab23750c3837b024bedde7e6bb7e27f5e6ff3bcd3817b9b9eb33d7.apk,9c97d8ba3cab23750c3837b024bedde7e6bb7e27f5e6ff3bcd3817b9b9eb33d7,641d0a1844b8965af599fa7a07610571,unknown,MalwareBazaar,malware,android;apk;dropper;signed;spyware;Tiktok,10908127,analyzed,,2026-06-19
unknown_9904bb103fae65ab3dd712f6b9ff361d3f3cb3a4cc814b69f0af3e2f1a837ecd.apk,9904bb103fae65ab3dd712f6b9ff361d3f3cb3a4cc814b69f0af3e2f1a837ecd,12252f210dfaf52801524ac1d5b4d2f2,unknown,MalwareBazaar,malware,android;apk;banker;dropper;signed;Tiktok,6515715,analyzed,,2026-06-19
unknown_818e8917650bff20ef5d3440d2c33739f973d4e7f41af7d7767502dac5a0580c.apk,818e8917650bff20ef5d3440d2c33739f973d4e7f41af7d7767502dac5a0580c,b185ef9c4b5cd4e068177fb778618086,unknown,MalwareBazaar,malware,apk,11494640,analyzed,,2026-06-19
unknown_c5544517f1be9d5a721a951d906b26f9ad11adf4a06c3660a75e89f07dabb8aa.apk,c5544517f1be9d5a721a951d906b26f9ad11adf4a06c3660a75e89f07dabb8aa,762a1a8cf38447f4950279aed11dc2e7,unknown,MalwareBazaar,malware,android;apk;banker;dropper;malware;RiskWare;signed;Tiktok,6462661,analyzed,,2026-06-19
unknown_7e8693dfed67a88db885ac0ffd94b73351d1f910cafc6425e8f1b4ab0e24c2a8.apk,7e8693dfed67a88db885ac0ffd94b73351d1f910cafc6425e8f1b4ab0e24c2a8,703165a0855852b0eccace0557c7e24b,unknown,MalwareBazaar,malware,android;apk;malware;RiskWare;signed;Tiktok;trojan,7189793,analyzed,,2026-06-19
unknown_0400c00cbcc6834ade203f8d515f5932972a3861256a9a7ca0a46638eec2a83e.apk,0400c00cbcc6834ade203f8d515f5932972a3861256a9a7ca0a46638eec2a83e,162b1abaafa45a957a4441ead3253a4b,unknown,MalwareBazaar,malware,apk;signed;tiramisu,6975830,analyzed,,2026-06-19
unknown_050d91cde706f7c981f90878dbd50d92038caeedd38852a10e018e57f188e79b.apk,050d91cde706f7c981f90878dbd50d92038caeedd38852a10e018e57f188e79b,a117934f6606d41e31b30b908534be69,unknown,MalwareBazaar,malware,apk,13616364,analyzed,,2026-06-19
unknown_345bbac79d218919228838242d35fc475a7aab28d303d1d51ac6078cd59197d6.apk,345bbac79d218919228838242d35fc475a7aab28d303d1d51ac6078cd59197d6,1217c2548e22b622216f5d974dacf309,unknown,MalwareBazaar,malware,apk,18964724,analyzed,,2026-06-19
unknown_3c81526bcb801d7dcfaea7f379528471d745a36e3c1bdc41877b4bed34b5dce6.apk,3c81526bcb801d7dcfaea7f379528471d745a36e3c1bdc41877b4bed34b5dce6,fcfd090aa00fe9388da6d20cd2326058,unknown,MalwareBazaar,malware,38-47-213-197;apk;signed,2903693,analyzed,,2026-06-19
unknown_cb147e7ce69723523f604da875d78ca4738e5f416d2297910ee179a5067e79fe.apk,cb147e7ce69723523f604da875d78ca4738e5f416d2297910ee179a5067e79fe,9ee21d157063fd9023a501ec7f551a56,unknown,MalwareBazaar,malware,38-47-213-197;apk;signed,2821773,analyzed,,2026-06-19
unknown_6d29e6e5372cd0690e0df62eb6d98938e91191b0e639fed2476497baa8255405.apk,6d29e6e5372cd0690e0df62eb6d98938e91191b0e639fed2476497baa8255405,63d6aaabe27edd5e60339da122d7d0cd,unknown,MalwareBazaar,malware,38-47-213-197;apk;signed,2821773,analyzed,,2026-06-19
unknown_7fb836c08ff527443b06d1c20afb6a4b0f51eb373013f211e0d3200bf26527b7.apk,7fb836c08ff527443b06d1c20afb6a4b0f51eb373013f211e0d3200bf26527b7,e937ba13a70cf62da5c5a471df866f6b,unknown,MalwareBazaar,malware,38-47-213-197;apk;signed,2952845,analyzed,,2026-06-19
unknown_752f3cacdad6753d4c02bb8e40ef3e0990b55466c18a7b80ec6fa7b9706e40ab.apk,752f3cacdad6753d4c02bb8e40ef3e0990b55466c18a7b80ec6fa7b9706e40ab,4f71dc13d349971d76970bde1c6e3be5,unknown,MalwareBazaar,malware,38-47-213-197;apk;signed,2887309,analyzed,,2026-06-19
unknown_ce462b41ab7480dce4f290a9921fca51ba40e502d480a348d50770607e3d02b9.apk,ce462b41ab7480dce4f290a9921fca51ba40e502d480a348d50770607e3d02b9,dea7c27a5b42df8eeb86188345ab620c,unknown,MalwareBazaar,malware,38-47-213-197;apk;signed,2887309,analyzed,,2026-06-19
unknown_9628acabe739b5419f08c5a5c3cd776268bf4a3c25c978341e403bde442e0ece.apk,9628acabe739b5419f08c5a5c3cd776268bf4a3c25c978341e403bde442e0ece,f44469676097f336dbd587d895da7a61,unknown,MalwareBazaar,malware,38-47-213-197;apk;signed,2891405,analyzed,,2026-06-19
unknown_21c91c4cb01c7fd286dc8fa6122f6c43a5227677ffbe3566aa37204cd9e494fe.apk,21c91c4cb01c7fd286dc8fa6122f6c43a5227677ffbe3566aa37204cd9e494fe,cfd294f31384685270ca8838aac22de9,unknown,MalwareBazaar,malware,38-47-213-197;apk;signed,2891405,analyzed,,2026-06-19
unknown_d29295f1504676003fd3ccbd3e41a53aabbe80d2025bfb3a6ef9a9fcff97b6cd.apk,d29295f1504676003fd3ccbd3e41a53aabbe80d2025bfb3a6ef9a9fcff97b6cd,156ac1f4f722b7a7135817b07b6367ac,unknown,MalwareBazaar,malware,38-47-213-197;apk;signed,2891405,analyzed,,2026-06-19
unknown_9e95912f1a5fdba5050723f095b7031770b7e2f9627fb60544b41adcbb5b3306.apk,9e95912f1a5fdba5050723f095b7031770b7e2f9627fb60544b41adcbb5b3306,dea4c7344a8ab14de16a1018a6e5ccfd,unknown,MalwareBazaar,malware,38-47-213-197;apk;signed,2903693,analyzed,,2026-06-19
unknown_091870b3f90c9a98000e0d14a67be2db5891ce98a0b1e24b721e3d96241620a5.apk,091870b3f90c9a98000e0d14a67be2db5891ce98a0b1e24b721e3d96241620a5,5ecd01356a39ecf540883ff8171b3677,unknown,MalwareBazaar,malware,38-47-213-197;apk;signed,2903693,analyzed,,2026-06-19
unknown_090a30252991830596c75a945885ca3100d7a40edf4a16d78abd5bbfd90ba268.apk,090a30252991830596c75a945885ca3100d7a40edf4a16d78abd5bbfd90ba268,45ee3983a7c1133f267af09173668864,unknown,MalwareBazaar,malware,38-47-213-197;apk;signed,2903693,analyzed,,2026-06-19
unknown_c7944bdac5ce3255a56e77c6f2a83917f4b8a909646396669d408f207e751772.apk,c7944bdac5ce3255a56e77c6f2a83917f4b8a909646396669d408f207e751772,b6389ba76327366e1ee934017c794be0,unknown,MalwareBazaar,malware,apk;banker;BTMob;RAT,14557807,analyzed,,2026-06-19
unknown_1370ba86f4c12ff1a8a0dd987b2be79a6ed13f7765e05b9711c544a7a2f288ea.apk,1370ba86f4c12ff1a8a0dd987b2be79a6ed13f7765e05b9711c544a7a2f288ea,f2346da8c4070e63b9600fd47ea38995,unknown,MalwareBazaar,malware,apk,9407977,analyzed,,2026-06-19
unknown_f03514da7d38e1a378429296a8d4405368aaad131dc069f513164eff569f7fca.apk,f03514da7d38e1a378429296a8d4405368aaad131dc069f513164eff569f7fca,c1d4beee44d38c7faa6636bffb7b30de,unknown,MalwareBazaar,malware,apk,59798620,analyzed,,2026-06-19
unknown_b2225250a1fcff06750f32d3abb999ffe26fbd21abc7b87ff0e91f8e0449652c.apk,b2225250a1fcff06750f32d3abb999ffe26fbd21abc7b87ff0e91f8e0449652c,19e8b8935b7b065b6c3830a3cd82342d,unknown,MalwareBazaar,malware,apk,66781865,analyzed,,2026-06-19
unknown_7365190230042fa2f8aba13d39cfecaa52b029750331760bcd114bafb01cb6db.apk,7365190230042fa2f8aba13d39cfecaa52b029750331760bcd114bafb01cb6db,3f97945c7b77695e7ff0a58287795522,unknown,MalwareBazaar,malware,apk;dropper;FakeChrome;malvertising;Overlay;trojan,22455996,analyzed,,2026-06-19
unknown_018f8548c055a31d98201874ebf21591e6d85cb9eee66e8c35716a9289d01f48.apk,018f8548c055a31d98201874ebf21591e6d85cb9eee66e8c35716a9289d01f48,6a9e10130020fd477c72e72abb580b5e,unknown,MalwareBazaar,malware,apk;banker;BeatBanker;latam,8143329,analyzed,,2026-06-19
unknown_bca248d31bf87b605e8cca7587a9753d58a9ad9a8f7e6f7f882d03150d72869f.apk,bca248d31bf87b605e8cca7587a9753d58a9ad9a8f7e6f7f882d03150d72869f,b3cb40e108f93c93c488f2dd96d530a2,unknown,MalwareBazaar,malware,android;apk;ollvm,8004062,analyzed,,2026-06-19
unknown_918eb87af81e92709d872621ea8ed0c086e38fbdf48a5e5ebdcab190f41bd07b.apk,918eb87af81e92709d872621ea8ed0c086e38fbdf48a5e5ebdcab190f41bd07b,b70c9197ace587359d59035b4e1b2ecc,unknown,MalwareBazaar,malware,apk;signed,19192343,analyzed,,2026-06-19
PixRevolution_557c02b5e9ca8103e6ad5413df1b447fae5c9ce086a0b5330bf9c79a578585df.apk,557c02b5e9ca8103e6ad5413df1b447fae5c9ce086a0b5330bf9c79a578585df,e931d549c340cca59535fcbcc0b434cc,PixRevolution,MalwareBazaar,malware,200-9-154-125;apk;banker;PixRevolution;signed,8406437,analyzed,,2026-06-19
PixRevolution_8e39fb18e8acb2e4fc4bcd7db2efc320f5ec84100e8ba870fd24dd13a6584277.apk,8e39fb18e8acb2e4fc4bcd7db2efc320f5ec84100e8ba870fd24dd13a6584277,997bc622fcd485158673b680e7ad9d30,PixRevolution,MalwareBazaar,malware,200-9-154-125;apk;banker;PixRevolution;signed,15976693,analyzed,,2026-06-19
PixRevolution_9fefd2c820fb28d50bc55c3320964635f27f1a74ac89dfc5aed8b6d5a09980f5.apk,9fefd2c820fb28d50bc55c3320964635f27f1a74ac89dfc5aed8b6d5a09980f5,6bbcd6701ac11e90a1bb20f31b1215c1,PixRevolution,MalwareBazaar,malware,apk;banker;PixRevolution;signed,12503895,analyzed,,2026-06-19
unknown_abf62033c4b913bf8368de607fdc4dd2677f9441541db3c2a9375dd9130ff9bb.apk,abf62033c4b913bf8368de607fdc4dd2677f9441541db3c2a9375dd9130ff9bb,4b025aa78f4dd86cc720a37144de0be0,unknown,MalwareBazaar,malware,apk;dropper;FakeChrome;malvertising;Overlay;signed;trojan,24126077,analyzed,,2026-06-19
AntiDot_8ef35a9062369b6ce2e99571b0dc263be74ef888548a1072c609581b9adf3a93.apk,8ef35a9062369b6ce2e99571b0dc263be74ef888548a1072c609581b9adf3a93,137f86aa2ac00862f87334efc04e4d67,AntiDot,MalwareBazaar,malware,Antidot;apk;dropper;malvertising;signed,4254293,error: file not found,,2026-06-19
AntiDot_4e6c3f36a00638652d94b6a79722c7e40e11d73674fc49b4dbdadbe82acae581.apk,4e6c3f36a00638652d94b6a79722c7e40e11d73674fc49b4dbdadbe82acae581,1a24e3c38a91011367b7ac256ebf80cf,AntiDot,MalwareBazaar,malware,Antidot;apk;dropper;malvertising;signed,4254293,error: file not found,,2026-06-19
unknown_2ab29825e9454a4b87d661dfc55842943e30b86600d2848796d96241e92307c2.apk,2ab29825e9454a4b87d661dfc55842943e30b86600d2848796d96241e92307c2,b9bc7147d392a27043a4b80171786e77,unknown,MalwareBazaar,malware,Antidot;apk;dropper;FakeChrome;malvertising;Overlay;signed,22878095,analyzed,,2026-06-19
unknown_ad9f39e6166a47ae16359777b607055198cda23f004d9d7b066e22c0d0cf1e6d.apk,ad9f39e6166a47ae16359777b607055198cda23f004d9d7b066e22c0d0cf1e6d,c873721c05287d6fdc3887d3a106bba7,unknown,MalwareBazaar,malware,Antidot;apk;dropper;FakeChrome;malvertising;Overlay;signed,23075432,analyzed,,2026-06-19
unknown_7d44e0009d251ae4983f5bf29f7d8aa9af668df88dba05a17a7a314f6780ceff.apk,7d44e0009d251ae4983f5bf29f7d8aa9af668df88dba05a17a7a314f6780ceff,78336a1c63ba008af99fd984ef8f2775,unknown,MalwareBazaar,malware,apk;FakeTelegram;signed;spyware,50159716,analyzed,,2026-06-19
unknown_3cb4b373a24afb10b8003762e763e6b44008bdf9a58d0a9a2b80a5de68308ecd.apk,3cb4b373a24afb10b8003762e763e6b44008bdf9a58d0a9a2b80a5de68308ecd,6ec381f4895a1aeeb4031b6b553b90de,unknown,MalwareBazaar,malware,apk;NGate;signed,8125391,analyzed,,2026-06-19
AntiDot_37ca38979f944ff0aa1a75343a9a5645d8559f6505c3b35615d0b0ae06ab28e6.apk,37ca38979f944ff0aa1a75343a9a5645d8559f6505c3b35615d0b0ae06ab28e6,8a5ad3ea51cfd79859377eec67a7e190,AntiDot,MalwareBazaar,malware,Antidot;apk;signed,14992245,error: file not found,,2026-06-19
AntiDot_78ef29227c3af00b3d31d9cb214febfcc1424ce78fa813e5a6b7ead453f3fb67.apk,78ef29227c3af00b3d31d9cb214febfcc1424ce78fa813e5a6b7ead453f3fb67,f4d8432cee7a32f1af540b82060e42fb,AntiDot,MalwareBazaar,malware,Antidot;apk;signed,24161236,error: file not found,,2026-06-19
unknown_269a98c5a2e16675eacd3490f382ac08d894737e629b92c1a69070cc471eed36.apk,269a98c5a2e16675eacd3490f382ac08d894737e629b92c1a69070cc471eed36,bb9981ee80a6bad2ce072372eec391ca,unknown,MalwareBazaar,malware,apk;banker;NFC;signed,4265751,analyzed,,2026-06-19
unknown_64a9263148d49bbabaf13b68fc461c93275d5d7f852288ccf00d1b25e39069d3.apk,64a9263148d49bbabaf13b68fc461c93275d5d7f852288ccf00d1b25e39069d3,d5191c63df7b0bede31e5464ebc3e465,unknown,MalwareBazaar,malware,apk;banker;NFC;signed,2944053,analyzed,,2026-06-19
Konfety_3502fa570ada49eaeeaa4785bb1897ed91dfadaa76c5e8626c5b8e944d8f5f01.apk,3502fa570ada49eaeeaa4785bb1897ed91dfadaa76c5e8626c5b8e944d8f5f01,cb951b4667ba57b55c38cbec22ba55da,Konfety,MalwareBazaar,malware,apk;Konfety,3164937,analyzed,,2026-06-19
Konfety_6376bcd8faa57aac7437116b184967a588025e2bf96318272cdcf51ff2f8dfdd.apk,6376bcd8faa57aac7437116b184967a588025e2bf96318272cdcf51ff2f8dfdd,65416a052ca96c3f6d7efb4c3f7b7c95,Konfety,MalwareBazaar,malware,apk;Konfety,3062539,analyzed,,2026-06-19
unknown_7bebc4b248402dbf988b92eb7d9c86797bb302b983e63ce0d2dba96f0f8a345a.apk,7bebc4b248402dbf988b92eb7d9c86797bb302b983e63ce0d2dba96f0f8a345a,0b73f2128495a27b8b1a92670c3debe8,unknown,MalwareBazaar,malware,43-160-218-11;apk;signed,37339,analyzed,,2026-06-19
anubis_d17d2f0ab340d52c83e59d3d7d6636d92e15f23a9a70b4f402c5af54cfc291af.apk,d17d2f0ab340d52c83e59d3d7d6636d92e15f23a9a70b4f402c5af54cfc291af,081221240ad2f0d85f6612527941a617,anubis,MalwareBazaar,malware,Anubis;apk;fack rto apk file,5466304,error: file not found,,2026-06-19
anubis_392272ef515d2f60f2c058675d637bf63a265800b8e4613ed9f72eeb8ebb323d.apk,392272ef515d2f60f2c058675d637bf63a265800b8e4613ed9f72eeb8ebb323d,47d1cd9993c27bfe458a589b652ce367,anubis,MalwareBazaar,malware,Anubis;apk;signed;smishing;sms-stealer;vpn-hijacker,5060723,error: file not found,,2026-06-19
anubis_6743e5b892d0192dd8498e99fa608f1f0b2d98c5437dc274f6eaa211bb60046c.apk,6743e5b892d0192dd8498e99fa608f1f0b2d98c5437dc274f6eaa211bb60046c,8c6612c4cb2d31c200fd2c07b06bcabf,anubis,MalwareBazaar,malware,Anubis;apk;HUN;signed,15834938,error: file not found,,2026-06-19
anubis_9fc2e5d32b4a4e2886cd835a9dddd6a2c94c85bf175700a0655a70d422e2deb8.apk,9fc2e5d32b4a4e2886cd835a9dddd6a2c94c85bf175700a0655a70d422e2deb8,53283f3740e5726207945365aa0f2afc,anubis,MalwareBazaar,malware,android;Anubis;apk;banker;Downloader;signed;trojan,6478584,error: file not found,,2026-06-19
anubis_7ce3d3aa76710a4d70d7dba0379fde70724f923e582381af4ae32365a9b9b516.apk,7ce3d3aa76710a4d70d7dba0379fde70724f923e582381af4ae32365a9b9b516,dd347b37f1b854290d7560d900557eb6,anubis,MalwareBazaar,malware,android;Anubis;apk;Downloader;signed;trojan,3900256,error: file not found,,2026-06-19
cerberus_a52d2105d680d029f9cc5c9c77f639e47ae520e41ce7294bbad77b8f2931796a.apk,a52d2105d680d029f9cc5c9c77f639e47ae520e41ce7294bbad77b8f2931796a,bcdb634ff9ab3e08e47dcf1caf89abd2,cerberus,MalwareBazaar,malware,Alien;apk;Cerberus;signed,2408259,error: file not found,,2026-06-19
cerberus_8beae1f6b21cec17eed82fb7af25e1782d5b7bf10fd22369603313f1b1a5e5e4.apk,8beae1f6b21cec17eed82fb7af25e1782d5b7bf10fd22369603313f1b1a5e5e4,66dc3fbbc9a6431e58f478a4449b0d83,cerberus,MalwareBazaar,malware,apk;Cerberus;signed,1935062,error: file not found,,2026-06-19
cerberus_047e3ecdb04d695b7e8a3c2789c29ec57da19f58bdcdb1d97fa926205ce718eb.apk,047e3ecdb04d695b7e8a3c2789c29ec57da19f58bdcdb1d97fa926205ce718eb,dafe797d40cb1f53b6f767d095b08a19,cerberus,MalwareBazaar,malware,apk;Cerberus;signed,1914989,error: file not found,,2026-06-19
alien_39ccc5d7009aefac18891c70a16b857b98481d6f69800075e31900c4dc9ef000.apk,39ccc5d7009aefac18891c70a16b857b98481d6f69800075e31900c4dc9ef000,a1462dc99471e4637b493da2930c9405,alien,MalwareBazaar,malware,Alien;apk;signed,1681197,error: file not found,,2026-06-19
escobar_a9d1561ed0d23a5473d68069337e2f8e7862f7b72b74251eb63ccc883ba9459f.apk,a9d1561ed0d23a5473d68069337e2f8e7862f7b72b74251eb63ccc883ba9459f,d57e1c11f915b874ef5c86cedb25abda,escobar,MalwareBazaar,malware,apk;escobar;signed,2147865,analyzed,,2026-06-19
ermac_4f181b3a42657a4c18a898d84108f7500baf243a2ac710adec1c5938cf0adb57.apk,4f181b3a42657a4c18a898d84108f7500baf243a2ac710adec1c5938cf0adb57,a5fd3c1e089914a69a62086dca829bf0,ermac,MalwareBazaar,malware,apk;Ermac;hook,2284454,analyzed,,2026-06-19
ermac_14b005352c07490b3689ac4eb187eb68d2b50cd135e57e1bca2f3469b10e2dd5.apk,14b005352c07490b3689ac4eb187eb68d2b50cd135e57e1bca2f3469b10e2dd5,e18c7b2164b4367184a9d10e26f5d07c,ermac,MalwareBazaar,malware,apk;Ermac;hook,2922654,analyzed,,2026-06-19
ermac_7a4238fc6f5d3c7731c2eb33911298eaa36986040858af56e76628c5dc83e265.apk,7a4238fc6f5d3c7731c2eb33911298eaa36986040858af56e76628c5dc83e265,5526e85de73065e2580bbdb5ed4fc9cb,ermac,MalwareBazaar,malware,apk;Ermac;signed,1026443,analyzed,,2026-06-19
hydra_810926f89430144fd258ed4a95f1d77215f657a4e7dac2ce0c410bcffbdca99e.apk,810926f89430144fd258ed4a95f1d77215f657a4e7dac2ce0c410bcffbdca99e,fe30b3542e7220a71945d7cc18bfe820,hydra,MalwareBazaar,malware,apk;Hydra;signed,6453112,analyzed,,2026-06-19
hydra_003d2fd8ef8fc9d4765e4bbc650ecd20ef339be94606486629c003f683cb5982.apk,003d2fd8ef8fc9d4765e4bbc650ecd20ef339be94606486629c003f683cb5982,176d6ca459a33f3e2ac5bb9e5d30eb6c,hydra,MalwareBazaar,malware,apk;BankBot;banker;dropper;hqwar;Hydra;signed,4817489,analyzed,,2026-06-19
hydra_9cf1ad53db4a31e4be0cfba7bf15f1e414cdf12327063a419be6cdea4700adfd.apk,9cf1ad53db4a31e4be0cfba7bf15f1e414cdf12327063a419be6cdea4700adfd,2a1c7dd7e54a4423071185006a4c9cb1,hydra,MalwareBazaar,malware,android;apk;BankBot;Hydra,4166220,analyzed,,2026-06-19
teabot_554e71b4e5d2a172707b51edc8e0e22cba40858b69884e75228c12718c47e1ef.apk,554e71b4e5d2a172707b51edc8e0e22cba40858b69884e75228c12718c47e1ef,a2d8f487fd3f6973754e5988109aa67b,teabot,MalwareBazaar,malware,anatsa;android;apk;Teabot,3132650,analyzed,,2026-06-19
teabot_8856ac19f179461c4008249c342c8dadbd17118f80f43ce0229ddb1cda33bd67.apk,8856ac19f179461c4008249c342c8dadbd17118f80f43ce0229ddb1cda33bd67,67edbd8e6de9f4355b2657416d382e94,teabot,MalwareBazaar,malware,anatsa;apk;signed;Teabot,3375300,analyzed,,2026-06-19
teabot_2211e5b751634ef3681bff599b25d57f47f1593bc27aeb83273ee63a64d62e25.apk,2211e5b751634ef3681bff599b25d57f47f1593bc27aeb83273ee63a64d62e25,f7c2baa34a56c258317de3d3ddfcc1a6,teabot,MalwareBazaar,malware,anatsa;apk;signed;Teabot,4791775,analyzed,,2026-06-19
flubot_a778818cc08d213d1f66db5fa8b34aabc862569ecb99fd1aea37ff6ccab48400.apk,a778818cc08d213d1f66db5fa8b34aabc862569ecb99fd1aea37ff6ccab48400,15328ea6d31bef8ddd15a81e0f5a549b,flubot,MalwareBazaar,malware,apk;com.sina.weibo;FluBot;signed;voicemail,3412925,analyzed,,2026-06-19
flubot_a959108ec8f93ee4c71e588236788d17372f9d61b8f71a509a776f097889f36b.apk,a959108ec8f93ee4c71e588236788d17372f9d61b8f71a509a776f097889f36b,3a0db08d86d3d57edea7d52843f32761,flubot,MalwareBazaar,malware,apk;FluBot;signed,5252497,analyzed,,2026-06-19
flubot_2c74efb0e8304948e56f4ccb1ced6c05734842ecdc95628decacfa74d06baf6c.apk,2c74efb0e8304948e56f4ccb1ced6c05734842ecdc95628decacfa74d06baf6c,729160d423c809ec7d4802fef9010076,flubot,MalwareBazaar,malware,apk;FluBot;signed,5259300,analyzed,,2026-06-19
spynote_bf06df823a0a0b1b4618ee736f5f0bd508b315ea3c6b96a16d2a0d0e58906346.apk,bf06df823a0a0b1b4618ee736f5f0bd508b315ea3c6b96a16d2a0d0e58906346,8ef02710098da919049cd4b68225c703,spynote,MalwareBazaar,malware,android;apk;lazada;malware;signed;Spynote,18329944,analyzed,,2026-06-19
spynote_9c1cc79b801e8d632bdb73517588e9e7626cf22643263f038c20cc42dfd0f922.apk,9c1cc79b801e8d632bdb73517588e9e7626cf22643263f038c20cc42dfd0f922,02744324b35b02ae81dcbc7aa847c836,spynote,MalwareBazaar,malware,android;apk;malware;signed;Spynote,3898830,analyzed,,2026-06-19
spynote_87def7f445734b4b9b57b97cd4af8d22b2684dd4dd3e7ae8d07a120efa3b1814.apk,87def7f445734b4b9b57b97cd4af8d22b2684dd4dd3e7ae8d07a120efa3b1814,8845d6b3792a5cebdd94c1c5a1c92a75,spynote,MalwareBazaar,malware,apk;signed;Spynote,704893,analyzed,,2026-06-19
cerberus_21b9ee90d26b44f4044fd53567cddfe6d17317ee8ed9d6131f92b2a56ce36478.apk,21b9ee90d26b44f4044fd53567cddfe6d17317ee8ed9d6131f92b2a56ce36478,3e7e5b21a75bfd4ba257f7d43da3d7b4,cerberus,MalwareBazaar,malware,apk;Cerberus;signed,6726160,error: file not found,,2026-06-19
cerberus_454ffcf9ef438d5d3eee894d0b2f21326935857da76d5720a8dc0eeda8280f59.apk,454ffcf9ef438d5d3eee894d0b2f21326935857da76d5720a8dc0eeda8280f59,c002f2d88d0d4ad701d65e4e56711503,cerberus,MalwareBazaar,malware,apk;Cerberus;signed,3611460,error: file not found,,2026-06-19
cerberus_a8ecd437766e7960bf5002c553dc047f50db750818bee1a3f0ffdff1633f0d1b.apk,a8ecd437766e7960bf5002c553dc047f50db750818bee1a3f0ffdff1633f0d1b,deb0955dbe620ce3feaf28e381312e92,cerberus,MalwareBazaar,malware,:apk;apk;Cerberus;signed,1134158,error: file not found,,2026-06-19
ermac_ae502f67782e9cc2a6e33b868f14467f3dabf126e868a8e10a68aa2ddd4092e1.apk,ae502f67782e9cc2a6e33b868f14467f3dabf126e868a8e10a68aa2ddd4092e1,ad778bfe6c0181150b911cae0e337c34,ermac,MalwareBazaar,malware,apk;Ermac;zip,1500103,analyzed,,2026-06-19
ermac_32e4dee58ea17addc5df4ffb862ab3a8df1697598cb6437f92de4075665812c2.apk,32e4dee58ea17addc5df4ffb862ab3a8df1697598cb6437f92de4075665812c2,d59a4848b584fdd93eb3d0b554a8df58,ermac,MalwareBazaar,malware,apk;Ermac;zip,1499475,analyzed,,2026-06-19
ermac_692e7b0f657ac34635e0dcd633f9c73b37d0258457d161ec6dbee26820cb72dd.apk,692e7b0f657ac34635e0dcd633f9c73b37d0258457d161ec6dbee26820cb72dd,7d71d2a2087ea3b52f2ee985fd03311f,ermac,MalwareBazaar,malware,apk;Ermac;zip,1501631,analyzed,,2026-06-19
hydra_c565f4b9b3c6bb095c6ce62ab02c5cc8a84502231f4facdddb6f3d7af2321b5e.apk,c565f4b9b3c6bb095c6ce62ab02c5cc8a84502231f4facdddb6f3d7af2321b5e,46b815f58cc16140a18341f233af7171,hydra,MalwareBazaar,malware,apk;Hydra;signed,1123311,analyzed,,2026-06-19
hydra_bb5c794018995f39d831214c479d96dad7d51bf34471b0613ea69489e5fc4fd5.apk,bb5c794018995f39d831214c479d96dad7d51bf34471b0613ea69489e5fc4fd5,99525d9091cd4b8d04a02dc8adcb9d9e,hydra,MalwareBazaar,malware,android;apk;BankBot;Hydra,3504363,analyzed,,2026-06-19
hydra_789d04c93488adf85d8d7988c0d050648cd91ad469f9e63e04d290523dfb1d93.apk,789d04c93488adf85d8d7988c0d050648cd91ad469f9e63e04d290523dfb1d93,c8c78623627fe4577e4f51871b47a1c2,hydra,MalwareBazaar,malware,apk;Hydra;signed,1125670,analyzed,,2026-06-19
teabot_93880cd38abffa10e753c17ae7c14f0833356cba601bd1a3d3998859f47c900f.apk,93880cd38abffa10e753c17ae7c14f0833356cba601bd1a3d3998859f47c900f,1af8aabf1bab2c4ed825d24aad6fdf25,teabot,MalwareBazaar,malware,anatsa;apk;signed;Teabot,3875576,analyzed,,2026-06-19
teabot_4067054f202cc8e87557915783d4468b54985c5cc7b0b57df98ffbb106475196.apk,4067054f202cc8e87557915783d4468b54985c5cc7b0b57df98ffbb106475196,4642c7a56039a82d8268282802c2fee9,teabot,MalwareBazaar,malware,apk;signed;Teabot,2982939,analyzed,,2026-06-19
teabot_767c218be4e7d2c99ee9c8b36128ac932d2dac0e3792ce638b804083f75e1096.apk,767c218be4e7d2c99ee9c8b36128ac932d2dac0e3792ce638b804083f75e1096,c8793b4d4b5bedec055b8226358ed00a,teabot,MalwareBazaar,malware,anatsa;apk;signed;Teabot,1267276,analyzed,,2026-06-19
flubot_36158735c5442bb6a2f5432226403905551f360d7ce99fa51e9d2b54b7cd02e7.apk,36158735c5442bb6a2f5432226403905551f360d7ce99fa51e9d2b54b7cd02e7,5e3fb4a6f144335016f5d0773b0113fd,flubot,MalwareBazaar,malware,apk;FluBot;signed,5259300,analyzed,,2026-06-19
flubot_831334e1e49ec7a25375562688543ee75b2b3cc7352afc019856342def52476b.apk,831334e1e49ec7a25375562688543ee75b2b3cc7352afc019856342def52476b,c10d38a63e776e5940d281bddbb497d4,flubot,MalwareBazaar,malware,apk;FluBot;v4.9,4988964,analyzed,,2026-06-19
flubot_6e3499a5e63209b34ccc787a7ea57953ff5436b51ca4325ea0da4a958f44ea7b.apk,6e3499a5e63209b34ccc787a7ea57953ff5436b51ca4325ea0da4a958f44ea7b,9ef4f52a6ed459eab6311a4a886ec1ea,flubot,MalwareBazaar,malware,apk;FluBot;v4.9,4481984,analyzed,,2026-06-19
spynote_33d2ea973f861bb7c46397c4e0f9aedc37ef10fb8ab2f4090f35a335d86ef0b2.apk,33d2ea973f861bb7c46397c4e0f9aedc37ef10fb8ab2f4090f35a335d86ef0b2,9cbed48497e7301a9a78a40ba87921c2,spynote,MalwareBazaar,malware,apk;signed;Spynote,6315559,analyzed,,2026-06-19
spynote_97936d7873348f905d119dd9399261374aae494296e1b5fb3df521ef3cc76405.apk,97936d7873348f905d119dd9399261374aae494296e1b5fb3df521ef3cc76405,15586b49f0b265d6892c48d63f0c52a1,spynote,MalwareBazaar,malware,apk;signed;Spynote,5168602,analyzed,,2026-06-19
spynote_ab1363201d0897ab7c55dceb1f8664a58ac65fe4aee3c9600c5d7659f8ae58a9.apk,ab1363201d0897ab7c55dceb1f8664a58ac65fe4aee3c9600c5d7659f8ae58a9,c6e5eb4deeb8fe76f151477304a25ec1,spynote,MalwareBazaar,malware,apk;signed;Spynote,4660698,analyzed,,2026-06-19
bankbot_8166dfba7fd0b4ad44c8bc91cc0e98fa06b8912e3fca2093900eb58ba79d22d4.apk,8166dfba7fd0b4ad44c8bc91cc0e98fa06b8912e3fca2093900eb58ba79d22d4,6afd1e9c4c4e7a4a71c0202c21e2a6d1,bankbot,MalwareBazaar,malware,apk;BankBot;banker;dropper;signed,2441463,error: file not found,,2026-06-19
bankbot_a0610f08c783ff5486a66022fedf483e1ac81dfe48935680b5d9d29b309338c5.apk,a0610f08c783ff5486a66022fedf483e1ac81dfe48935680b5d9d29b309338c5,9bc85bf4432a5ed8cd00f0eac8a2257e,bankbot,MalwareBazaar,malware,apk;BankBot;banker;signed,5053600,error: file not found,,2026-06-19
bankbot_33ece8395604682f2c428a5b7a11e562b836f44f7b6fbb0caaa84bfa80d0c8ff.apk,33ece8395604682f2c428a5b7a11e562b836f44f7b6fbb0caaa84bfa80d0c8ff,043a7202d02e28708c93fad859d7a70d,bankbot,MalwareBazaar,malware,apk;BankBot;banker;coper,1589920,error: file not found,,2026-06-19
exobot_3504d9f2a2fdf021a382be4e2603acbdb5550ac2ddf26f62da1c2227b1f7f400.apk,3504d9f2a2fdf021a382be4e2603acbdb5550ac2ddf26f62da1c2227b1f7f400,dca096106be4ea65d01eedf09ac1631a,exobot,MalwareBazaar,malware,apk;coper;Exobot;Octo,1847115,analyzed,,2026-06-19
exobot_b4dadf3553bb82499c4d0b6be96c47c46abc6904b611376d75c844ffb83725c6.apk,b4dadf3553bb82499c4d0b6be96c47c46abc6904b611376d75c844ffb83725c6,84d5b112b9cc198f432d22551a4628e0,exobot,MalwareBazaar,malware,apk;coper;Exobot;signed,1500006,analyzed,,2026-06-19
exobot_a93d66a127091d11090f544514d7e677c24db69d361008e60fffc5200331a1fe.apk,a93d66a127091d11090f544514d7e677c24db69d361008e60fffc5200331a1fe,e0a4d1b73bd12ad65018e8927bc8430f,exobot,MalwareBazaar,malware,apk;coper;Exobot;signed,1499716,analyzed,,2026-06-19
anubis_c7411c0daff520468c3accff4318076a66034b2d14cbae08a5d3ecec2c6ce9ed.apk,c7411c0daff520468c3accff4318076a66034b2d14cbae08a5d3ecec2c6ce9ed,c7f7f2541de29ec01eadcbe8351c4652,anubis,MalwareBazaar,malware,Anubis;apk;signed,268344,error: file not found,,2026-06-19
cerberus_501eb3e8474ddd35728b11248df2e9629afb6852b9281940059fcae7b9043522.apk,501eb3e8474ddd35728b11248df2e9629afb6852b9281940059fcae7b9043522,ee3dac4971a8e69c1fda0c5e82c5a25b,cerberus,MalwareBazaar,malware,apk;Cerberus;signed;zip,1207200,error: file not found,,2026-06-19
cerberus_5362c4101f153eedaca5344cdec4897af155b364dd1609ad19a495af745fcc50.apk,5362c4101f153eedaca5344cdec4897af155b364dd1609ad19a495af745fcc50,f2df9aa1333fbcf975ff620388d4005d,cerberus,MalwareBazaar,malware,apk;Cerberus;signed,1716416,error: file not found,,2026-06-19
cerberus_a78eb5e01531b42d8380be1d6a507f10610c95557716bb2173b331f80e7d2d81.apk,a78eb5e01531b42d8380be1d6a507f10610c95557716bb2173b331f80e7d2d81,7dd252bc7eb5a0f4af362b30a225b5ed,cerberus,MalwareBazaar,malware,Anubis;apk;BankBot;banker;Cerberus;signed,1793026,error: file not found,,2026-06-19
cerberus_28cf23f76582b13705346e8fe77802785267e6b2ab2072bf9c2b9b918b2b588b.apk,28cf23f76582b13705346e8fe77802785267e6b2ab2072bf9c2b9b918b2b588b,f962034252259d770995b760cf804ed4,cerberus,MalwareBazaar,malware,apk;banker;Cerberus;malware;signed,2279636,error: file not found,,2026-06-19
cerberus_4defa1f795d69d38168bffecbc19f571c61a095862713fd91cb646f344ef53c0.apk,4defa1f795d69d38168bffecbc19f571c61a095862713fd91cb646f344ef53c0,d5d532beb351035ad8ab560593499dbb,cerberus,MalwareBazaar,malware,apk;Cerberus;phoenix;signed,4261423,error: file not found,,2026-06-19
cerberus_7a65b831c9f781e49c47393345bbe2ffff6859a608b9a5413d7f3b76683ff178.apk,7a65b831c9f781e49c47393345bbe2ffff6859a608b9a5413d7f3b76683ff178,dea6771be19c050e11694df90336d400,cerberus,MalwareBazaar,malware,apk;banker;Cerberus;dropper;signed;trojan.hqwar;Trojen,2402916,error: file not found,,2026-06-19
cerberus_c81234b6ceb3572c6d862a9313e019b98efd83165d8c085bd3e74971c66763bb.apk,c81234b6ceb3572c6d862a9313e019b98efd83165d8c085bd3e74971c66763bb,3f3bef2f188d420c30c2616cc74c69e5,cerberus,MalwareBazaar,malware,apk;Cerberus;signed,2121030,error: file not found,,2026-06-19
cerberus_2a2bb95a463dcddb604e10830cc5c60191ef2947578ccb75180ae7188b4baaa3.apk,2a2bb95a463dcddb604e10830cc5c60191ef2947578ccb75180ae7188b4baaa3,4e7f5b1d17d075ec4290e984dfac58d3,cerberus,MalwareBazaar,malware,apk;Cerberus;signed,1892669,error: file not found,,2026-06-19
cerberus_2192345562b9fb1536465d31f465015cb8b0a029fa118166de0d6975bd00448b.apk,2192345562b9fb1536465d31f465015cb8b0a029fa118166de0d6975bd00448b,1fd53adfc1ff5f6262567592dfc88fd4,cerberus,MalwareBazaar,malware,apk;Cerberus;iran;malware;signed;spy;spyware,20724209,error: file not found,,2026-06-19
cerberus_c19cf001efb893cfb4f3aedb1c4c3771ce8419d3838e1bc399e88a12b583b28c.apk,c19cf001efb893cfb4f3aedb1c4c3771ce8419d3838e1bc399e88a12b583b28c,66c4513025128719dda018820cc0987e,cerberus,MalwareBazaar,malware,apk;Cerberus;covid;signed;Spynote,3111333,error: file not found,,2026-06-19
alien_92961b73092ec2355b133a3de81ce40245f391b229e5699b263fb596184c7ad4.apk,92961b73092ec2355b133a3de81ce40245f391b229e5699b263fb596184c7ad4,7e09dabcefa606614038e0fb7861e60d,alien,MalwareBazaar,malware,Alien;apk;signed,361949,error: file not found,,2026-06-19
alien_78ea4eb0b59b244a0b52fa0de88c550792867f797f1b8b3d9325aa7f642218e9.apk,78ea4eb0b59b244a0b52fa0de88c550792867f797f1b8b3d9325aa7f642218e9,3ba482dd63f7e096e2a086385106115c,alien,MalwareBazaar,malware,Alien;alienrat;apk;signed,1979661,error: file not found,,2026-06-19
ermac_9b5905a253141d4f64394de73775541a7bb16714cff8d18684e24ae887c97fc2.apk,9b5905a253141d4f64394de73775541a7bb16714cff8d18684e24ae887c97fc2,791cfcd67eeafbda2ed887c7b7063ac8,ermac,MalwareBazaar,malware,android;apk;banking;Ermac;zip,3830607,analyzed,,2026-06-19
ermac_51f9c37c3eec0b6f8325aa1c8fe64a0615ab920584042df557426473b1270b40.apk,51f9c37c3eec0b6f8325aa1c8fe64a0615ab920584042df557426473b1270b40,36cd2ea94bcf9f9a9959dc4c1c489933,ermac,MalwareBazaar,malware,amplebot;android;apk;banking;Blackrock;Ermac;signed,1896652,analyzed,,2026-06-19
ermac_c5996e7a701f1154b48f962d01d457f9b7e95d9c3dd9bbd6a8e083865d563622.apk,c5996e7a701f1154b48f962d01d457f9b7e95d9c3dd9bbd6a8e083865d563622,6e886c71b9663012f6659f347790c979,ermac,MalwareBazaar,malware,android;apk;Ermac;signed,3448133,analyzed,,2026-06-19
ermac_4ccf02c87de6c0bf718d9f8cdf6c61a9edc909fab1cdd7d497572e30fea1f580.apk,4ccf02c87de6c0bf718d9f8cdf6c61a9edc909fab1cdd7d497572e30fea1f580,72b3faff0779e1ddaef3a317fbefa29c,ermac,MalwareBazaar,malware,android_ermac;apk;Ermac;signed,2956410,analyzed,,2026-06-19
hydra_5f113715e47ddce3f72f9ff69b1aa07ee09225eaf6b501a7b106fa893779a931.apk,5f113715e47ddce3f72f9ff69b1aa07ee09225eaf6b501a7b106fa893779a931,b8f6668a3ba2c07d42a0e7ee61b47d1d,hydra,MalwareBazaar,malware,apk;Hydra,4353749,analyzed,,2026-06-19
hydra_ceb48e4b9d82b2ab7b486393048cdc78c6dfaf88799521e63677b06975f707cd.apk,ceb48e4b9d82b2ab7b486393048cdc78c6dfaf88799521e63677b06975f707cd,d2a56706d97523de32ab15378cc2ae62,hydra,MalwareBazaar,malware,apk;Hydra;signed,1125884,analyzed,,2026-06-19
hydra_ce480d22d9936bc469d46abbcd51bdb74dc201216c29a97ba21c40e0299335bc.apk,ce480d22d9936bc469d46abbcd51bdb74dc201216c29a97ba21c40e0299335bc,2e9b0927ae4ded2465f7c1b12d54122f,hydra,MalwareBazaar,malware,apk;Hydra,4353749,analyzed,,2026-06-19
hydra_3779e67d696ba3ef4ba4b38ba10e07301620a45f1d89f004da5ae64f050dfdb4.apk,3779e67d696ba3ef4ba4b38ba10e07301620a45f1d89f004da5ae64f050dfdb4,5ce09da6be4926aa0af6c01494dd0e5d,hydra,MalwareBazaar,malware,apk;Hydra;signed,1125650,analyzed,,2026-06-19
hydra_7e7ee5b11fe1ca56f0f8416638964bec68b9ef90b25426f06d1330222b1dcf3d.apk,7e7ee5b11fe1ca56f0f8416638964bec68b9ef90b25426f06d1330222b1dcf3d,6966dead3e5307bee1ba7a5ead34a63c,hydra,MalwareBazaar,malware,apk;Hydra;signed,4415340,analyzed,,2026-06-19
teabot_c3c7df127552aa2594ad335d7cc955cb1274cc322455a89b1856a2adf9f83ded.apk,c3c7df127552aa2594ad335d7cc955cb1274cc322455a89b1856a2adf9f83ded,611d013f927d031e4fcfff163bf70124,teabot,MalwareBazaar,malware,anatsa;apk;signed;Teabot,1255453,analyzed,,2026-06-19
teabot_47bb7f855cdf116c62499240089fa1b7a69585e8b7f639e192b9d038da4094cd.apk,47bb7f855cdf116c62499240089fa1b7a69585e8b7f639e192b9d038da4094cd,bf2ddaf430243461a8eab4aa1ed1e80d,teabot,MalwareBazaar,malware,android;apk;signed;Teabot,3371203,analyzed,,2026-06-19
teabot_b88e7421bc61f4ce20c0694418fc97c1e77cfd3f2053857f87cc47512a55c3d3.apk,b88e7421bc61f4ce20c0694418fc97c1e77cfd3f2053857f87cc47512a55c3d3,7823e56b4b1631ef52bbd5b95c186554,teabot,MalwareBazaar,malware,anatsa;apk;notflubot;Teabot;toddler,4542834,analyzed,,2026-06-19
teabot_9f2d916b1e0ee486f5a49e3e9887eae59dbdca0a554139ae9a4dc8edc2f12de0.apk,9f2d916b1e0ee486f5a49e3e9887eae59dbdca0a554139ae9a4dc8edc2f12de0,af9fde69078e906d628f5c04fe4ab11f,teabot,MalwareBazaar,malware,anatsa;android;apk;banker;Teabot;toddler,2896783,analyzed,,2026-06-19
teabot_b74b65f68641feb46d22fddb595fff57cba53f5e3d4d780f4b1bf9b2682a9230.apk,b74b65f68641feb46d22fddb595fff57cba53f5e3d4d780f4b1bf9b2682a9230,9b08148a0dcd6b574b36f7c2e888aa03,teabot,MalwareBazaar,malware,Anubis;apk;FluBot;Teabot,4293343,analyzed,,2026-06-19
alien_d0c32e4c17de29509486482e515956033a27982c41c54392f9e0ce826840daec.apk,d0c32e4c17de29509486482e515956033a27982c41c54392f9e0ce826840daec,049f2ad5c6be4de18e03eacd94117746,alien,MalwareBazaar,malware,Alien;alienrat;apk;signed,1888561,error: file not found,,2026-06-19
fa4cc63187a5e1bb2300ef5b405f5341f88610e08521d569dac186b2e1e08bb5.apk,fa4cc63187a5e1bb2300ef5b405f5341f88610e08521d569dac186b2e1e08bb5,,unknown,pendrive,unknown,,29255651,error: file not found,,2026-07-04
dec4d9a9d5ec6aff2444b9414caff75db2bdd08fe50dbbbfe458c1ca2587d68b.apk,dec4d9a9d5ec6aff2444b9414caff75db2bdd08fe50dbbbfe458c1ca2587d68b,,unknown,pendrive,unknown,,5088375,error: file not found,,2026-07-04
dbc432f803c1eb429c400f9a02a14e5727adc3e012e2032468b7eef0c7026877.apk,dbc432f803c1eb429c400f9a02a14e5727adc3e012e2032468b7eef0c7026877,,unknown,pendrive,unknown,,16558560,error: file not found,,2026-07-04
dbc432f803c1eb429c400f9a02a14e5727adc3e012e2032468b7eef0c7026877.apk,dbc432f803c1eb429c400f9a02a14e5727adc3e012e2032468b7eef0c7026877,,unknown,pendrive,unknown,,16558560,error: file not found,,2026-07-04
863c5c2b2eff380f1f1127a840108668d965b2815581c6ce1cebd06906d85c56.apk,863c5c2b2eff380f1f1127a840108668d965b2815581c6ce1cebd06906d85c56,,unknown,pendrive,unknown,,86562983,error: file not found,,2026-07-04
557df55a91c4d5afc543dd9709c6140717f34f77e56df580e299515415c3df87.apk,557df55a91c4d5afc543dd9709c6140717f34f77e56df580e299515415c3df87,,unknown,pendrive,unknown,,20833877,error: file not found,,2026-07-04
01bd73c17302af6fdbf678046ed56cb288876e934b485c00188b13eb7b921b22.apk,01bd73c17302af6fdbf678046ed56cb288876e934b485c00188b13eb7b921b22,,unknown,pendrive,unknown,,26206302,error: file not found,,2026-07-04
25ccc464516ffce3a31fb89e38d99aacfcdb7e9853ede8bb538ff8452bf04869.apk,25ccc464516ffce3a31fb89e38d99aacfcdb7e9853ede8bb538ff8452bf04869,,unknown,pendrive,unknown,,27153058,error: file not found,,2026-07-04
987a9b7add6947ac93b3f4b8c5cce6e623616ee8ca49a863461f7c97d836be56.apk,987a9b7add6947ac93b3f4b8c5cce6e623616ee8ca49a863461f7c97d836be56,,unknown,pendrive,unknown,,19018763,error: file not found,,2026-07-04
dcc47bd6aebe13a34128808578b731569bcd1ea24d0fa40255f57a724c6c43ac.apk,dcc47bd6aebe13a34128808578b731569bcd1ea24d0fa40255f57a724c6c43ac,,unknown,pendrive,unknown,,19018763,error: file not found,,2026-07-04
008a3e0a9587f231077eac079d4b4d79726f86e89257f7b39145b51b488ac383.apk,008a3e0a9587f231077eac079d4b4d79726f86e89257f7b39145b51b488ac383,,unknown,pendrive,unknown,,19819661,error: file not found,,2026-07-04
e1d7be107b3595bef22569f43c9932272b17adc11a36d2bf1ccc715713919a8f.apk,e1d7be107b3595bef22569f43c9932272b17adc11a36d2bf1ccc715713919a8f,,unknown,pendrive,unknown,,51017993,error: file not found,,2026-07-04
8b015ece32e33df78400df390af093879e3fe8acf97744025688c06ffeaf4f2f.apk,8b015ece32e33df78400df390af093879e3fe8acf97744025688c06ffeaf4f2f,,unknown,pendrive,unknown,,8072029,error: file not found,,2026-07-04
4dc5962e7630a2a73d619900addd6cfb1fe3424362c135b46f31ab59783d9a84.apk,4dc5962e7630a2a73d619900addd6cfb1fe3424362c135b46f31ab59783d9a84,,unknown,pendrive,unknown,,18553949,error: file not found,,2026-07-04
4dc5962e7630a2a73d619900addd6cfb1fe3424362c135b46f31ab59783d9a84.apk,4dc5962e7630a2a73d619900addd6cfb1fe3424362c135b46f31ab59783d9a84,,unknown,pendrive,unknown,,18553949,error: file not found,,2026-07-04
d70ee2e7c57351b2387bfe33b1666de5972f2d07b8e686ed5753ecdca5a1bcc9.apk,d70ee2e7c57351b2387bfe33b1666de5972f2d07b8e686ed5753ecdca5a1bcc9,,unknown,pendrive,unknown,,84471704,error: file not found,,2026-07-04
d71219bba1bade855a3386671bce3328846ac98c0b3aeeb1a1ef3386e2857044.apk,d71219bba1bade855a3386671bce3328846ac98c0b3aeeb1a1ef3386e2857044,,unknown,pendrive,unknown,,154941482,error: file not found,,2026-07-04
8e3caf34a615228525ac415e20e542da5f09b06133df71068ed9d7c75770dde2.apk,8e3caf34a615228525ac415e20e542da5f09b06133df71068ed9d7c75770dde2,,unknown,pendrive,unknown,,8637816,error: file not found,,2026-07-04
84ca02a9ef02d9bd23e8ad93df454b417c4f656d86f21a7fe59c255599f20c1c.apk,84ca02a9ef02d9bd23e8ad93df454b417c4f656d86f21a7fe59c255599f20c1c,,unknown,pendrive,unknown,,6096426,error: file not found,,2026-07-04
3f678fb79842ee0dd0a2e136c2baf7b3b3b99cebeaf330fd4aab5ec26bddd08e.apk,3f678fb79842ee0dd0a2e136c2baf7b3b3b99cebeaf330fd4aab5ec26bddd08e,,unknown,pendrive,unknown,,3056016,error: file not found,,2026-07-04
49b59c87f864a078100f2348508f82020da771d4d180addde821a4cde385e781.apk,49b59c87f864a078100f2348508f82020da771d4d180addde821a4cde385e781,,unknown,pendrive,unknown,,12499805,error: file not found,,2026-07-04
0e81a0fd09c711561aa98284e6ed4acff136594f40afa5023ca5fb7ca401f01c.apk,0e81a0fd09c711561aa98284e6ed4acff136594f40afa5023ca5fb7ca401f01c,,unknown,pendrive,unknown,,11218403,error: file not found,,2026-07-04
d42efd591e07cdb0f71afd9b00346341fa14cb4eca95706bf591849878ff6a69.apk,d42efd591e07cdb0f71afd9b00346341fa14cb4eca95706bf591849878ff6a69,,unknown,pendrive,unknown,,20196607,error: file not found,,2026-07-04
1869b4b8f7e80ee6150174910af5af488ce0e056e8f3a078f019ce2cb6963223.apk,1869b4b8f7e80ee6150174910af5af488ce0e056e8f3a078f019ce2cb6963223,,unknown,pendrive,unknown,,10862935,error: file not found,,2026-07-04
fcd233be7c75771ec3e3b3eed880516ebf6415669d7447c79670697dd2bfe456.apk,fcd233be7c75771ec3e3b3eed880516ebf6415669d7447c79670697dd2bfe456,,unknown,pendrive,unknown,,8172004,error: file not found,,2026-07-04
b8e3d1d77997bae68f4e8dafb59192e5efecdecd30952934a5837aaac4479e25.apk,b8e3d1d77997bae68f4e8dafb59192e5efecdecd30952934a5837aaac4479e25,,unknown,pendrive,unknown,,68755278,error: file not found,,2026-07-04
ace39affd2db7e066f03b0c3564fd8698da0f823110007e8d14ddf75f5ff587e.apk,ace39affd2db7e066f03b0c3564fd8698da0f823110007e8d14ddf75f5ff587e,,unknown,pendrive,unknown,,80876801,error: file not found,,2026-07-04
ace39affd2db7e066f03b0c3564fd8698da0f823110007e8d14ddf75f5ff587e.apk,ace39affd2db7e066f03b0c3564fd8698da0f823110007e8d14ddf75f5ff587e,,unknown,pendrive,unknown,,80876801,error: file not found,,2026-07-04
0ed420c4f23c50d2eeba330b01cdd72f05bd6f5658b42db1bfb55184a1d02d52.apk,0ed420c4f23c50d2eeba330b01cdd72f05bd6f5658b42db1bfb55184a1d02d52,,unknown,pendrive,unknown,,75006789,error: file not found,,2026-07-04
9fb84221b89705785440ee555a80a15a0c52eff1f47d0c2e7840a03689a1c161.apk,9fb84221b89705785440ee555a80a15a0c52eff1f47d0c2e7840a03689a1c161,,unknown,pendrive,unknown,,122510907,error: file not found,,2026-07-04
a7872756d87d237a221b8a8e0eb176e0d203184cbf3375804fee5a28c4365741.apk,a7872756d87d237a221b8a8e0eb176e0d203184cbf3375804fee5a28c4365741,,unknown,pendrive,unknown,,41165623,error: file not found,,2026-07-04
66f6e55ceb09560b8e67df0881cb065082c039f3c033f0a8e3387da348c1864f.apk,66f6e55ceb09560b8e67df0881cb065082c039f3c033f0a8e3387da348c1864f,,unknown,pendrive,unknown,,49265583,error: file not found,,2026-07-04
e9a67e437612747f8f95a440495311a0815f485e2e1fa85b9014810382a1333c.apk,e9a67e437612747f8f95a440495311a0815f485e2e1fa85b9014810382a1333c,,unknown,pendrive,unknown,,29727412,error: file not found,,2026-07-04
67200ff6ee287a6022720d9bce24f770385654306451db92b7bb7d4d980fb00c.apk,67200ff6ee287a6022720d9bce24f770385654306451db92b7bb7d4d980fb00c,,unknown,pendrive,unknown,,81105508,error: file not found,,2026-07-04
bc714dc65572aa7bc57654f3253fef4f436446c816ddb9e786e7a10ed89d4a27.apk,bc714dc65572aa7bc57654f3253fef4f436446c816ddb9e786e7a10ed89d4a27,,unknown,pendrive,unknown,,1842666,error: file not found,,2026-07-04
a2cc8d04db010cf1d80ebc84da8ffe6d9a38f2a2ac055addd1c615d942f4386c.apk,a2cc8d04db010cf1d80ebc84da8ffe6d9a38f2a2ac055addd1c615d942f4386c,,unknown,pendrive,unknown,,2089535,error: file not found,,2026-07-04
04c269cd075909b2a1085beba24c66b1f4fdbbd9a9d4af9510f26ba305a36be5.apk,04c269cd075909b2a1085beba24c66b1f4fdbbd9a9d4af9510f26ba305a36be5,,unknown,pendrive,unknown,,44868744,error: file not found,,2026-07-04
340cecac1f3afab20736f07c4521ebe6e3edbacb81ce07c27dca710fff11035f.apk,340cecac1f3afab20736f07c4521ebe6e3edbacb81ce07c27dca710fff11035f,,unknown,pendrive,unknown,,11030060,error: file not found,,2026-07-04
8455cb3aa8db4f9bacc5f991b3709efc87b449c5326d91dbf46418de27fb078c.apk,8455cb3aa8db4f9bacc5f991b3709efc87b449c5326d91dbf46418de27fb078c,,unknown,pendrive,unknown,,2687587,error: file not found,,2026-07-04
ea780093fa452d98cb05c00add908212895a29b64cb3a8e722dc82b385a5aa2e.apk,ea780093fa452d98cb05c00add908212895a29b64cb3a8e722dc82b385a5aa2e,,unknown,pendrive,unknown,,4706717,error: file not found,,2026-07-04
b5e142030e8f9e6da9a140b1b9bd365be2cd1df0b9b56c986e5faaeeb866d487.apk,b5e142030e8f9e6da9a140b1b9bd365be2cd1df0b9b56c986e5faaeeb866d487,,unknown,pendrive,unknown,,11502638,error: file not found,,2026-07-04
321fe53643171260494102ac3e14ae98bc3aa5216838bc4919224536d3a22452.apk,321fe53643171260494102ac3e14ae98bc3aa5216838bc4919224536d3a22452,,unknown,pendrive,unknown,,35254945,error: file not found,,2026-07-04
37bac216be031f33a1bfb936b1d7c09e0730ffdc32bc1c5afdb8c685a30aa80d.apk,37bac216be031f33a1bfb936b1d7c09e0730ffdc32bc1c5afdb8c685a30aa80d,,unknown,pendrive,unknown,,38234168,error: file not found,,2026-07-04
3eafdc0c9de753ff6184652f90fb8eb9451f1b54995c2ebd8b8cb593690a718f.apk,3eafdc0c9de753ff6184652f90fb8eb9451f1b54995c2ebd8b8cb593690a718f,,unknown,pendrive,unknown,,108936618,error: file not found,,2026-07-04
8f4647cf03079ea9aa25e6cda398defe8e0da0d0cbc637a75f6132b2a0ae9e62.apk,8f4647cf03079ea9aa25e6cda398defe8e0da0d0cbc637a75f6132b2a0ae9e62,,unknown,pendrive,unknown,,12507707,error: file not found,,2026-07-04
ef77467adb3b19acfa0a2daa02bd342ebe6a15725490094b3f396c7e30e962b1.apk,ef77467adb3b19acfa0a2daa02bd342ebe6a15725490094b3f396c7e30e962b1,,unknown,pendrive,unknown,,5007242,error: file not found,,2026-07-04
f5ac462d03c4805d2e10ffcf81d9d9c2fbd87f86da00fd1507cfcbd2e820d1b8.apk,f5ac462d03c4805d2e10ffcf81d9d9c2fbd87f86da00fd1507cfcbd2e820d1b8,,unknown,pendrive,unknown,,15590253,error: file not found,,2026-07-04
7ccd3d58dcb1fd3ad4ac04282e3f71d9d1c8d697dea146e12d31814c74e34e55.apk,7ccd3d58dcb1fd3ad4ac04282e3f71d9d1c8d697dea146e12d31814c74e34e55,,unknown,pendrive,unknown,,5489248,error: file not found,,2026-07-04
ff9c46fcf64ae0ad50ed7b64478bf951f9d70dc32d3413ebbe64ed9f84353b1a.apk,ff9c46fcf64ae0ad50ed7b64478bf951f9d70dc32d3413ebbe64ed9f84353b1a,,unknown,pendrive,unknown,,5224472,error: file not found,,2026-07-04
0619c8b409f3b885df9bd8a2b4f6d05d94d1d310153f515447bcbb60897d6b0e.apk,0619c8b409f3b885df9bd8a2b4f6d05d94d1d310153f515447bcbb60897d6b0e,,unknown,pendrive,unknown,,4096,error: file not found,,2026-07-04
f2bff0866024bdf1aab366a4f2c2aa0538aeef2c48f20c3c57be6f57e5dae079.apk,f2bff0866024bdf1aab366a4f2c2aa0538aeef2c48f20c3c57be6f57e5dae079,,unknown,pendrive,unknown,,1291401,error: file not found,,2026-07-04
daf6d4293863fcb03541c85ad3988a820686ffd46a6e63d01335dd22021c37b8.apk,daf6d4293863fcb03541c85ad3988a820686ffd46a6e63d01335dd22021c37b8,,unknown,pendrive,unknown,,8396388,error: file not found,,2026-07-04
95b338deeaf9b9cdfa123388072dd78257e4c1d85e42c2c5fbe0940f7122739d.apk,95b338deeaf9b9cdfa123388072dd78257e4c1d85e42c2c5fbe0940f7122739d,,unknown,pendrive,unknown,,8556975,error: file not found,,2026-07-04
95b338deeaf9b9cdfa123388072dd78257e4c1d85e42c2c5fbe0940f7122739d.apk,95b338deeaf9b9cdfa123388072dd78257e4c1d85e42c2c5fbe0940f7122739d,,unknown,pendrive,unknown,,8556975,error: file not found,,2026-07-04
5938adfcaae3937ee1428f0ed554390326b2c4b9c54eebbb60899fd6f2685a4b.apk,5938adfcaae3937ee1428f0ed554390326b2c4b9c54eebbb60899fd6f2685a4b,,unknown,pendrive,unknown,,89661480,error: file not found,,2026-07-04
fa4cc63187a5e1bb2300ef5b405f5341f88610e08521d569dac186b2e1e08bb5.apk,fa4cc63187a5e1bb2300ef5b405f5341f88610e08521d569dac186b2e1e08bb5,,unknown,pendrive,unknown,,29255651,error: file not found,,2026-07-04
dec4d9a9d5ec6aff2444b9414caff75db2bdd08fe50dbbbfe458c1ca2587d68b.apk,dec4d9a9d5ec6aff2444b9414caff75db2bdd08fe50dbbbfe458c1ca2587d68b,,unknown,pendrive,unknown,,5088375,error: file not found,,2026-07-04
dbc432f803c1eb429c400f9a02a14e5727adc3e012e2032468b7eef0c7026877.apk,dbc432f803c1eb429c400f9a02a14e5727adc3e012e2032468b7eef0c7026877,,unknown,pendrive,unknown,,16558560,error: file not found,,2026-07-04
dbc432f803c1eb429c400f9a02a14e5727adc3e012e2032468b7eef0c7026877.apk,dbc432f803c1eb429c400f9a02a14e5727adc3e012e2032468b7eef0c7026877,,unknown,pendrive,unknown,,16558560,error: file not found,,2026-07-04
863c5c2b2eff380f1f1127a840108668d965b2815581c6ce1cebd06906d85c56.apk,863c5c2b2eff380f1f1127a840108668d965b2815581c6ce1cebd06906d85c56,,unknown,pendrive,unknown,,86562983,error: file not found,,2026-07-04
557df55a91c4d5afc543dd9709c6140717f34f77e56df580e299515415c3df87.apk,557df55a91c4d5afc543dd9709c6140717f34f77e56df580e299515415c3df87,,unknown,pendrive,unknown,,20833877,error: file not found,,2026-07-04
01bd73c17302af6fdbf678046ed56cb288876e934b485c00188b13eb7b921b22.apk,01bd73c17302af6fdbf678046ed56cb288876e934b485c00188b13eb7b921b22,,unknown,pendrive,unknown,,26206302,error: file not found,,2026-07-04
25ccc464516ffce3a31fb89e38d99aacfcdb7e9853ede8bb538ff8452bf04869.apk,25ccc464516ffce3a31fb89e38d99aacfcdb7e9853ede8bb538ff8452bf04869,,unknown,pendrive,unknown,,27153058,error: file not found,,2026-07-04
987a9b7add6947ac93b3f4b8c5cce6e623616ee8ca49a863461f7c97d836be56.apk,987a9b7add6947ac93b3f4b8c5cce6e623616ee8ca49a863461f7c97d836be56,,unknown,pendrive,unknown,,19018763,error: file not found,,2026-07-04
dcc47bd6aebe13a34128808578b731569bcd1ea24d0fa40255f57a724c6c43ac.apk,dcc47bd6aebe13a34128808578b731569bcd1ea24d0fa40255f57a724c6c43ac,,unknown,pendrive,unknown,,19018763,error: file not found,,2026-07-04
008a3e0a9587f231077eac079d4b4d79726f86e89257f7b39145b51b488ac383.apk,008a3e0a9587f231077eac079d4b4d79726f86e89257f7b39145b51b488ac383,,unknown,pendrive,unknown,,19819661,error: file not found,,2026-07-04
e1d7be107b3595bef22569f43c9932272b17adc11a36d2bf1ccc715713919a8f.apk,e1d7be107b3595bef22569f43c9932272b17adc11a36d2bf1ccc715713919a8f,,unknown,pendrive,unknown,,51017993,error: file not found,,2026-07-04
8b015ece32e33df78400df390af093879e3fe8acf97744025688c06ffeaf4f2f.apk,8b015ece32e33df78400df390af093879e3fe8acf97744025688c06ffeaf4f2f,,unknown,pendrive,unknown,,8072029,error: file not found,,2026-07-04
fe8f5253c181b6f8a52242bb523d51c77d8d0df892455451e7328092ee5de665.apk,fe8f5253c181b6f8a52242bb523d51c77d8d0df892455451e7328092ee5de665,,unknown,pendrive,unknown,,87463497,error: file not found,,2026-07-04
45fbbbcb40f481ddc098c1a2383d84486fd6ff410db75b2e2637428c532d6177.apk,45fbbbcb40f481ddc098c1a2383d84486fd6ff410db75b2e2637428c532d6177,,unknown,pendrive,unknown,,77320395,error: file not found,,2026-07-04
d0ad24efcc30a35bbd83334a93222252f8337f17311dbba91f904b09e16f3afe.apk,d0ad24efcc30a35bbd83334a93222252f8337f17311dbba91f904b09e16f3afe,,unknown,pendrive,unknown,,24996965,error: file not found,,2026-07-04
4dc5962e7630a2a73d619900addd6cfb1fe3424362c135b46f31ab59783d9a84.apk,4dc5962e7630a2a73d619900addd6cfb1fe3424362c135b46f31ab59783d9a84,,unknown,pendrive,unknown,,18553949,error: file not found,,2026-07-04
4dc5962e7630a2a73d619900addd6cfb1fe3424362c135b46f31ab59783d9a84.apk,4dc5962e7630a2a73d619900addd6cfb1fe3424362c135b46f31ab59783d9a84,,unknown,pendrive,unknown,,18553949,error: file not found,,2026-07-04
d70ee2e7c57351b2387bfe33b1666de5972f2d07b8e686ed5753ecdca5a1bcc9.apk,d70ee2e7c57351b2387bfe33b1666de5972f2d07b8e686ed5753ecdca5a1bcc9,,unknown,pendrive,unknown,,84471704,error: file not found,,2026-07-04
d71219bba1bade855a3386671bce3328846ac98c0b3aeeb1a1ef3386e2857044.apk,d71219bba1bade855a3386671bce3328846ac98c0b3aeeb1a1ef3386e2857044,,unknown,pendrive,unknown,,154941482,error: file not found,,2026-07-04
8e3caf34a615228525ac415e20e542da5f09b06133df71068ed9d7c75770dde2.apk,8e3caf34a615228525ac415e20e542da5f09b06133df71068ed9d7c75770dde2,,unknown,pendrive,unknown,,8637816,error: file not found,,2026-07-04
84ca02a9ef02d9bd23e8ad93df454b417c4f656d86f21a7fe59c255599f20c1c.apk,84ca02a9ef02d9bd23e8ad93df454b417c4f656d86f21a7fe59c255599f20c1c,,unknown,pendrive,unknown,,6096426,error: file not found,,2026-07-04
3f678fb79842ee0dd0a2e136c2baf7b3b3b99cebeaf330fd4aab5ec26bddd08e.apk,3f678fb79842ee0dd0a2e136c2baf7b3b3b99cebeaf330fd4aab5ec26bddd08e,,unknown,pendrive,unknown,,3056016,error: file not found,,2026-07-04
49b59c87f864a078100f2348508f82020da771d4d180addde821a4cde385e781.apk,49b59c87f864a078100f2348508f82020da771d4d180addde821a4cde385e781,,unknown,pendrive,unknown,,12499805,error: file not found,,2026-07-04
0e81a0fd09c711561aa98284e6ed4acff136594f40afa5023ca5fb7ca401f01c.apk,0e81a0fd09c711561aa98284e6ed4acff136594f40afa5023ca5fb7ca401f01c,,unknown,pendrive,unknown,,11218403,error: file not found,,2026-07-04
d42efd591e07cdb0f71afd9b00346341fa14cb4eca95706bf591849878ff6a69.apk,d42efd591e07cdb0f71afd9b00346341fa14cb4eca95706bf591849878ff6a69,,unknown,pendrive,unknown,,20196607,error: file not found,,2026-07-04
1869b4b8f7e80ee6150174910af5af488ce0e056e8f3a078f019ce2cb6963223.apk,1869b4b8f7e80ee6150174910af5af488ce0e056e8f3a078f019ce2cb6963223,,unknown,pendrive,unknown,,10862935,error: file not found,,2026-07-04
fcd233be7c75771ec3e3b3eed880516ebf6415669d7447c79670697dd2bfe456.apk,fcd233be7c75771ec3e3b3eed880516ebf6415669d7447c79670697dd2bfe456,,unknown,pendrive,unknown,,8172004,error: file not found,,2026-07-04
b8e3d1d77997bae68f4e8dafb59192e5efecdecd30952934a5837aaac4479e25.apk,b8e3d1d77997bae68f4e8dafb59192e5efecdecd30952934a5837aaac4479e25,,unknown,pendrive,unknown,,68755278,error: file not found,,2026-07-04
ace39affd2db7e066f03b0c3564fd8698da0f823110007e8d14ddf75f5ff587e.apk,ace39affd2db7e066f03b0c3564fd8698da0f823110007e8d14ddf75f5ff587e,,unknown,pendrive,unknown,,80876801,error: file not found,,2026-07-04
ace39affd2db7e066f03b0c3564fd8698da0f823110007e8d14ddf75f5ff587e.apk,ace39affd2db7e066f03b0c3564fd8698da0f823110007e8d14ddf75f5ff587e,,unknown,pendrive,unknown,,80876801,error: file not found,,2026-07-04
0ed420c4f23c50d2eeba330b01cdd72f05bd6f5658b42db1bfb55184a1d02d52.apk,0ed420c4f23c50d2eeba330b01cdd72f05bd6f5658b42db1bfb55184a1d02d52,,unknown,pendrive,unknown,,75006789,error: file not found,,2026-07-04
9fb84221b89705785440ee555a80a15a0c52eff1f47d0c2e7840a03689a1c161.apk,9fb84221b89705785440ee555a80a15a0c52eff1f47d0c2e7840a03689a1c161,,unknown,pendrive,unknown,,122510907,error: file not found,,2026-07-04
69c7c21db15ef575284becc8f67d8b5d6441a5d26f436726b52ddb99ede46e3a.apk,69c7c21db15ef575284becc8f67d8b5d6441a5d26f436726b52ddb99ede46e3a,,unknown,pendrive,unknown,,14176559,error: file not found,,2026-07-04
3c0edd3c80f917d0045ac51d177e9a4768df5a66517005b0f7944423aa54b089.apk,3c0edd3c80f917d0045ac51d177e9a4768df5a66517005b0f7944423aa54b089,5d653bcfa007e73971995449155e02e2,SpyNote,modern_eval,malware,apk;Bradesco;Spynote,2411330,analyzed,0,2026-07-05
3063914cc10de86a689070151a61172fc17619e71d1bd643a3d0cf94b84e10a8.apk,3063914cc10de86a689070151a61172fc17619e71d1bd643a3d0cf94b84e10a8,82971dbafc4be2da0fd672000082b46f,,modern_eval,malware,apk;Bradesco,799689,analyzed,0,2026-07-05
d8b3327efe0c98be433a7a73591facb031fadcad747ad99e4ac3ccd0e6751290.apk,d8b3327efe0c98be433a7a73591facb031fadcad747ad99e4ac3ccd0e6751290,d9825c7e439bfec4ed859e9652c14f5d,BtmobRAT,modern_eval,malware,apk;Bradesco;BtmobRAT,2254146,analyzed,0,2026-07-05
b459673b77209ff89a2833977b4de341a529722f1e4662451b514df220e13afc.apk,b459673b77209ff89a2833977b4de341a529722f1e4662451b514df220e13afc,a57b5ddc38c5713ec0fdd1ab3194674c,,modern_eval,malware,apk;Bradesco,53243820,analyzed,0,2026-07-05
61d4518fac40db1cef72d8b6f9a14080d93ef53a6f6e55605ee12da87978a14f.apk,61d4518fac40db1cef72d8b6f9a14080d93ef53a6f6e55605ee12da87978a14f,c911693a0c7330930edc8cc69fa29b18,,modern_eval,malware,apk;Bradesco,53225267,analyzed,0,2026-07-05
fea09cb621507334ff92f30e0455db20e0de38a86e8b3e38c434340cc4ca2112.apk,fea09cb621507334ff92f30e0455db20e0de38a86e8b3e38c434340cc4ca2112,96f827bc8f130d2328a35e5bea7a4676,,modern_eval,malware,apk;Bradesco,53245200,analyzed,0,2026-07-05
e763dd5e7ae6b2d1436f7f659dd4511e4bef24c5823fd0739dd1c9ec5154a4c0.apk,e763dd5e7ae6b2d1436f7f659dd4511e4bef24c5823fd0739dd1c9ec5154a4c0,c7646a146900df9a86102dd669ed4f59,,modern_eval,malware,apk;HDFC,6954592,analyzed,0,2026-07-05
1ba4bb9f0990697fa0c3b12ddf2d1f31ef385e14556c081f3f5e30dcbbf50f1a.apk,1ba4bb9f0990697fa0c3b12ddf2d1f31ef385e14556c081f3f5e30dcbbf50f1a,e98ac10945ac4ee27c0397677f5e5ec0,GhostBat,modern_eval,malware,apk;Arsink;GhostBat;HDFC,7519688,analyzed,0,2026-07-05
357d6a12b37bf72550d9df5035f25157d3ca75e1a69e71783586ee4759ee7b45.apk,357d6a12b37bf72550d9df5035f25157d3ca75e1a69e71783586ee4759ee7b45,d2392f90a759489a5ea8c2ad11866e90,,modern_eval,malware,apk;signed,7490075,analyzed,0,2026-07-05
9f42721255d8d62b4595b9040a9a7d742c8fe2a5ff17745c8e250cd04928c480.apk,9f42721255d8d62b4595b9040a9a7d742c8fe2a5ff17745c8e250cd04928c480,be1cb01a50034098af92777bafefcb75,,modern_eval,malware,apk;mparivahan;signed,1812241,analyzed,0,2026-07-05
536cb0e2ffffa40d1ccd096eaaad43f094813bae15d8f6316dc35fb998d5e4cd.apk,536cb0e2ffffa40d1ccd096eaaad43f094813bae15d8f6316dc35fb998d5e4cd,d20efa9cda3e0d0da16e5593bf3f7644,,modern_eval,malware,apk;banker;Indusind Credit Card,6020944,analyzed,0,2026-07-05
dceebf2ce1186b22f60b7ee064670db88347761767ea8610a35e50e568b348b3.apk,dceebf2ce1186b22f60b7ee064670db88347761767ea8610a35e50e568b348b3,ee9ccb349a01601bafe3bc010a0f97e9,,modern_eval,malware,apk;banker;Indusind Credit Card,5226279,analyzed,0,2026-07-05
c17aff83c3fbddb86fe5a40d7a654af5591b16522fb15c222bbf3d57b0b16748.apk,c17aff83c3fbddb86fe5a40d7a654af5591b16522fb15c222bbf3d57b0b16748,375c6a1a21880dfe95b5a1df10ddc2fb,,modern_eval,malware,android;apk;banker;Indusind Credit Card;mirai;SpyAgent,8817529,analyzed,0,2026-07-05
addbd8770b53a50e83c711143332c76e9160f920675e2de5591669d3b93f499b.apk,addbd8770b53a50e83c711143332c76e9160f920675e2de5591669d3b93f499b,a1277596297b0084ad26986fc068081d,,modern_eval,malware,android;apk;Goi;malware;mparivahan;trojan,12108853,analyzed,0,2026-07-05
3a03b35a4c614d651954f8298d5bb75abe33223e0791bdc1b9bdb2af69d3009b.apk,3a03b35a4c614d651954f8298d5bb75abe33223e0791bdc1b9bdb2af69d3009b,f8ddfddc6469d2619e784bf88adfbd29,,modern_eval,malware,android;apk;banker;dropper;signed;Tiktok,5942604,analyzed,0,2026-07-05
518f5438a21e9aa9a91f0dd589088e443fda111d8ada5ea67d1cf14d6645974c.apk,518f5438a21e9aa9a91f0dd589088e443fda111d8ada5ea67d1cf14d6645974c,633a412d244673fe619181df3a78e094,,modern_eval,malware,android;apk;banker;dropper;signed;Tiktok,6687934,analyzed,0,2026-07-05
5f94e59c132a7ed0e35b60146d973a728ab9f390c8291f9547cee26c56427738.apk,5f94e59c132a7ed0e35b60146d973a728ab9f390c8291f9547cee26c56427738,541e1d211a172b9353e347e292f34555,CraxsRAT,modern_eval,malware,android;apk;banker;craxsrat;dropper;RAT;SafeRussia;signed,6750966,analyzed,0,2026-07-05
2cc755a2c9dae64ea5914bd32aa6824a3bc1f0e3be1f2d03c116ffc68f7772d0.apk,2cc755a2c9dae64ea5914bd32aa6824a3bc1f0e3be1f2d03c116ffc68f7772d0,1bc9a72a39ca6b37300b883fca97eb94,GhostBat,modern_eval,malware,apk;GhostBat;mparivahan,9142934,analyzed,0,2026-07-05
77eef34639c4d2d244ba407c6e0a1b9b5ec0187e73de1ae3acb0f71f3906f595.apk,77eef34639c4d2d244ba407c6e0a1b9b5ec0187e73de1ae3acb0f71f3906f595,82fd608d34395c4fd6953caadca0263d,,modern_eval,malware,apk;mparivahan;signed,11987252,analyzed,0,2026-07-05
399f5bddd1e30bb612522c9c770e073f5e304165df170c4668550de34f34f7c1.apk,399f5bddd1e30bb612522c9c770e073f5e304165df170c4668550de34f34f7c1,3bb0e65e16ce410dd5e81c85780eaa00,GhostBat,modern_eval,malware,apk;GhostBat;mparivahan,7034730,analyzed,0,2026-07-05
68b9c7ae6b51f211ecd0cfdd656bc3b14840627adc7073faf9504acdb0e52dae.apk,68b9c7ae6b51f211ecd0cfdd656bc3b14840627adc7073faf9504acdb0e52dae,db0c26646324a6ea8fab16883a8c8cd5,GhostBat,modern_eval,malware,apk;Arsink;GhostBat;mparivahan;signed,7084073,analyzed,0,2026-07-05
d6d1f2dd6db3177ccbde0fe17170cc4fa81078d1a9a900f1f5dd73ddce5f06e6.apk,d6d1f2dd6db3177ccbde0fe17170cc4fa81078d1a9a900f1f5dd73ddce5f06e6,e044aa1347523b51bd989a427851f68f,,modern_eval,malware,apk;mparivahan,6352249,analyzed,0,2026-07-05
ca9ae76de194548709966263c227709d5c57c8e57f07f50d1532cf52fc5f438d.apk,ca9ae76de194548709966263c227709d5c57c8e57f07f50d1532cf52fc5f438d,0bf8e9415f1aeae1edb06a19f9b49a71,,modern_eval,malware,apk;mparivahan,6352157,analyzed,0,2026-07-05
84ddfdd7862e3c3481ae65b64d9087ab7c5c29355a29e9e7c3a4011a631f7387.apk,84ddfdd7862e3c3481ae65b64d9087ab7c5c29355a29e9e7c3a4011a631f7387,5ee0e3f5d62aa50c8fb91c59e15d71a4,,modern_eval,malware,apk;mparivahan,7634561,analyzed,0,2026-07-05
cb7744fe6345dd0e4f15f1acdde23ecb6d484b3c8a6ce8792628a6a1453eefa4.apk,cb7744fe6345dd0e4f15f1acdde23ecb6d484b3c8a6ce8792628a6a1453eefa4,eb63a912c5765addf3d30a1db8d01252,,modern_eval,malware,apk;mparivahan,6352237,analyzed,0,2026-07-05
fca210ed8b28a9544d0db5a8387fe75c26091003041220a9d28cb445e8169aad.apk,fca210ed8b28a9544d0db5a8387fe75c26091003041220a9d28cb445e8169aad,986bc4bf920d7f572cca6715d3f31e93,GhostBat,modern_eval,malware,apk;Arsink;GhostBat;mparivahan,7332471,analyzed,0,2026-07-05
a3ade4b9e03e459a5955d68c52f8dbf893ce0c2bfb56c1c8b7415ecfb7ec9246.apk,a3ade4b9e03e459a5955d68c52f8dbf893ce0c2bfb56c1c8b7415ecfb7ec9246,2be0da0c4135514667aa947eec3a04d8,Mirax,modern_eval,malware,apk;Mirax,10543555,analyzed,0,2026-07-05
d472e114361dd2c6ebafb60daa72ba2db09752de5b243538f0fee18410ad6a25.apk,d472e114361dd2c6ebafb60daa72ba2db09752de5b243538f0fee18410ad6a25,d38d3c4c6cf760ab22b11db3449dd547,SpyNote,modern_eval,malware,apk;Spynote,13438312,analyzed,0,2026-07-05
dea110082d57d210d746c7d9fe791d8e297de82ccd5e48c2813c615a45913e8e.apk,dea110082d57d210d746c7d9fe791d8e297de82ccd5e48c2813c615a45913e8e,26acec1e131c452a6478bf39f91f908b,SpyNote,modern_eval,malware,apk;Spynote,9200307,analyzed,0,2026-07-05
1f30b62c19be5de98456ec6915f1618da92cab68f20bf36cf91473788437f87a.apk,1f30b62c19be5de98456ec6915f1618da92cab68f20bf36cf91473788437f87a,9a6f930bc7c4019de3b8ebfee6a2833c,,modern_eval,malware,apk;banker;mparivahan;signed,7183230,analyzed,0,2026-07-05
05a2da9df1b4aed78e16349c17443ccd83cb48ed9e38e38d0c0b6ce808a9c2a8.apk,05a2da9df1b4aed78e16349c17443ccd83cb48ed9e38e38d0c0b6ce808a9c2a8,eb554018315541ad53fd0cb705e4d0b1,SpyNote,modern_eval,malware,apk;Spynote,9021604,analyzed,0,2026-07-05
537f08755139d0199fb1751068eb49a92b68e0d1dcadaf03758837c3832f99c5.apk,537f08755139d0199fb1751068eb49a92b68e0d1dcadaf03758837c3832f99c5,562296b99a2019731809c99a846139e7,SpyNote,modern_eval,malware,apk;Spynote,3686002,analyzed,0,2026-07-05
72f18d019123393ae610dd73b25e5f30a4945430f6f835700d6bdee19f566a30.apk,72f18d019123393ae610dd73b25e5f30a4945430f6f835700d6bdee19f566a30,50d360fa0767101e1409cf6d6708ee40,SpyNote,modern_eval,malware,apk;Spynote,56141487,analyzed,0,2026-07-05
bf586ec8ce8528d26ec491fa5864dc590cefae88da176246296bb849e226a0c8.apk,bf586ec8ce8528d26ec491fa5864dc590cefae88da176246296bb849e226a0c8,8e9ee52f13377dc3ec36394508727e34,SpyNote,modern_eval,malware,apk;Spynote,56141483,analyzed,0,2026-07-05
0bc98459a42d1d0108a882671f4496f214f8a68400810b9e034cdd7212f5a4fa.apk,0bc98459a42d1d0108a882671f4496f214f8a68400810b9e034cdd7212f5a4fa,316362e4154db3f959f759240be2fb9d,SpyNote,modern_eval,malware,apk;Spynote,56142868,analyzed,0,2026-07-05
b634c8c0ec3a4d682630eed6ac1cc8d5e2b0481110121990edcb4e0df9867698.apk,b634c8c0ec3a4d682630eed6ac1cc8d5e2b0481110121990edcb4e0df9867698,a3f9313c8d623b2e244a389e94f9ce69,,modern_eval,malware,apk;signed,450550,analyzed,0,2026-07-05
f5b84a261a19b8066cb609124d97bc52df08f08f564d32358a15aaf511caf5e4.apk,f5b84a261a19b8066cb609124d97bc52df08f08f564d32358a15aaf511caf5e4,e1238a85e5e0f518348304fc59055a42,,modern_eval,malware,apk;signed,495606,analyzed,0,2026-07-05
cbc71b0bd3f94cb163a8ab106242aa7638aced10e7b8c4d6179bc7fc5ba649f2.apk,cbc71b0bd3f94cb163a8ab106242aa7638aced10e7b8c4d6179bc7fc5ba649f2,d6249c7d715a47215fdccffca8ec7d96,,modern_eval,malware,apk,482236,analyzed,0,2026-07-05
5cad494f67808745489659cd077dce429fce364a673c44c9d238d14dcca81732.apk,5cad494f67808745489659cd077dce429fce364a673c44c9d238d14dcca81732,0dcd4b0c11087e2085ba203b9a3eef7c,,modern_eval,malware,apk,482236,analyzed,0,2026-07-05
b7f8c6b76b8b1a0f99fbec5eb467983e8fd18f3ef496957bd8fb9c5bfca5e50b.apk,b7f8c6b76b8b1a0f99fbec5eb467983e8fd18f3ef496957bd8fb9c5bfca5e50b,5f51cbb987e6fdb5c5ccb5a1a7ad3bde,FantasyHub,modern_eval,malware,apk;FantasyHub,16562735,analyzed,0,2026-07-05
62545321423f75c0f4774c868a1677087399353adda0fb361cd3884d2680dcc2.apk,62545321423f75c0f4774c868a1677087399353adda0fb361cd3884d2680dcc2,960886abaf8f3665e16ce0604b14d3ed,FantasyHub,modern_eval,malware,apk;FantasyHub;signed,16685837,analyzed,0,2026-07-05
b7ffef61c60d80eee806f36f30f80ff9cf3f73d522bd05e192fa34dcf2e87224.apk,b7ffef61c60d80eee806f36f30f80ff9cf3f73d522bd05e192fa34dcf2e87224,f2315a59f0a2a6de98643775d5b0cae3,FantasyHub,modern_eval,malware,apk;FantasyHub,16562735,analyzed,0,2026-07-05
9c23c73a7fa3b1b3df8a61866dc36d263aa0754a0bb194e0d164a4773f4537f2.apk,9c23c73a7fa3b1b3df8a61866dc36d263aa0754a0bb194e0d164a4773f4537f2,c51b68fc037544cb4fa77365a49b1d35,FantasyHub,modern_eval,malware,apk;FantasyHub;signed,16685837,analyzed,0,2026-07-05
bb990fe92faff97b2e3e606ca0eeac34253c471d9e84da98111e1c81cfd0a960.apk,bb990fe92faff97b2e3e606ca0eeac34253c471d9e84da98111e1c81cfd0a960,722388f59feaf8ad1cb5173abf3a240d,FantasyHub,modern_eval,malware,apk;FantasyHub,16562735,analyzed,0,2026-07-05
9a836ef59a4fb8cae0543fed24ca8c53015bee86d6b0ead0086917681c7576d4.apk,9a836ef59a4fb8cae0543fed24ca8c53015bee86d6b0ead0086917681c7576d4,885c7c28b18f9353d715538a286ec50d,FantasyHub,modern_eval,malware,apk;FantasyHub,16562735,analyzed,0,2026-07-05
388d7fd938e51455ad9ba27eae9ce01fcbadff8ab88d5a7e9e742cb28402f1e8.apk,388d7fd938e51455ad9ba27eae9ce01fcbadff8ab88d5a7e9e742cb28402f1e8,209c72641b099d7ca4e94d12d75eed31,,modern_eval,malware,android;apk;banker;dropper;malware;RiskWare;signed;Tiktok,7016188,analyzed,0,2026-07-05
cb0a4a758877e3f18a85fe307c6d4a7baf9924aab93bcbcb41f81eb13d9ac0f6.apk,cb0a4a758877e3f18a85fe307c6d4a7baf9924aab93bcbcb41f81eb13d9ac0f6,8eb447990b5df97ad3daed4d5fabe7e9,,modern_eval,malware,android;apk;banker;dropper;malware;RiskWare;signed;Tiktok,6405045,analyzed,0,2026-07-05
85a44fd5134cf1d317a7637f1fb47dcf570a93e925c365b2e8f103a0fa459290.apk,85a44fd5134cf1d317a7637f1fb47dcf570a93e925c365b2e8f103a0fa459290,8c06edbca2b6ad3ba1ace2670cf5455a,,modern_eval,malware,android;apk;banker;dropper;malware;signed;Tiktok;trojan,6126576,analyzed,0,2026-07-05
0a02bda89021ac18c0c57979ea3c9d82c1054b5c9b375975401e3e21a2f4905a.apk,0a02bda89021ac18c0c57979ea3c9d82c1054b5c9b375975401e3e21a2f4905a,FB55C05809BF581E67560B01A4664C32,,modern_eval,malware,vt_detection=19;dex_date=2026-04-13 10:08:08,92272932,analyzed,19,2026-07-06
0be115e1e9b74780151148ea021f7d3e43ebc5e7dff808a890338f9e5a31427a.apk,0be115e1e9b74780151148ea021f7d3e43ebc5e7dff808a890338f9e5a31427a,9B18BDA4FDEB54E601A3FF29F1B61A5E,,modern_eval,malware,vt_detection=23;dex_date=2107-11-30 00:00:00,5655373,analyzed,23,2026-07-06
0bfcd97d3b690babe1e96ec91af451e6f043edda34b9895e822c2e1ae2e21787.apk,0bfcd97d3b690babe1e96ec91af451e6f043edda34b9895e822c2e1ae2e21787,7F94C6D0B9669DEF76AAA62C84A298FB,,modern_eval,malware,vt_detection=25;dex_date=2092-08-05 00:00:00,6338558,analyzed,25,2026-07-06
0e9cb2bb3435c2f4e5893b5a28982337f96621b11ddc48cb73c14ce7910f825a.apk,0e9cb2bb3435c2f4e5893b5a28982337f96621b11ddc48cb73c14ce7910f825a,DCAC1D6B11EBA7A1740648A07C494184,,modern_eval,malware,vt_detection=25;dex_date=2092-08-05 00:00:00,6321740,analyzed,25,2026-07-06
14bafc31ee9bce174bca7df1c35d3b0ec11c573a1b0e3ecb1d5001409de1aeb5.apk,14bafc31ee9bce174bca7df1c35d3b0ec11c573a1b0e3ecb1d5001409de1aeb5,AF5188A470111D8BBC940A0C92714FD9,,modern_eval,malware,vt_detection=16;dex_date=2092-08-05 00:00:00,5716389,analyzed,16,2026-07-06
1bbc9197e2b7a2090115a01d682934b79a88caa82d7c37ade39ae89a0f76129c.apk,1bbc9197e2b7a2090115a01d682934b79a88caa82d7c37ade39ae89a0f76129c,0108948C2FCCA8A406AEF9720566EEE2,,modern_eval,malware,vt_detection=26;dex_date=2092-08-05 00:00:00,6322251,analyzed,26,2026-07-06
1c2d4a388c3109001751caf2cee1d27516286f4d1ff51dbf271e85dfc069ce98.apk,1c2d4a388c3109001751caf2cee1d27516286f4d1ff51dbf271e85dfc069ce98,9F8FD1FB6D0E0DAFA6814B83C09220B0,,modern_eval,malware,vt_detection=24;dex_date=2092-08-05 00:00:00,5681414,analyzed,24,2026-07-06
1d132dc563405dbf978a35664780790fd9972de17e5110864f5cbbec0c6ce016.apk,1d132dc563405dbf978a35664780790fd9972de17e5110864f5cbbec0c6ce016,AA5320DB7C285B7530ECDFA10C552878,,modern_eval,malware,vt_detection=20;dex_date=2092-08-05 00:00:00,6328121,analyzed,20,2026-07-06
1d6640a63db2d4909aa9d1f8f6d4698abd89f2171c33240f0c821e2a94e0cec7.apk,1d6640a63db2d4909aa9d1f8f6d4698abd89f2171c33240f0c821e2a94e0cec7,083A3381A531F6046EE2F1312D89CB43,,modern_eval,malware,vt_detection=16;dex_date=2107-11-30 00:00:00,8867499,analyzed,16,2026-07-06
1e7276097313eb4ede32eba76886e42696ecd2de41a1a7aeac5536ce717319c0.apk,1e7276097313eb4ede32eba76886e42696ecd2de41a1a7aeac5536ce717319c0,13B8E553087DAED936FF0A333D6B4014,,modern_eval,malware,vt_detection=24;dex_date=2026-01-26 09:43:34,92379657,analyzed,24,2026-07-06
23d0741fc039ce734de0a50d6d8451fc3eabf702b3f707badb6d39e2b4faea65.apk,23d0741fc039ce734de0a50d6d8451fc3eabf702b3f707badb6d39e2b4faea65,50E24B0F049BF3275001C6E41C28592A,,modern_eval,malware,vt_detection=20;dex_date=2092-08-05 00:00:00,6276118,analyzed,20,2026-07-06
2bda9042eef834886047cb07ea1fe44844bd5d373c96afe96ec8a39e487d2bb7.apk,2bda9042eef834886047cb07ea1fe44844bd5d373c96afe96ec8a39e487d2bb7,98287FE0C79FB005EC966BA24804EEB1,,modern_eval,malware,vt_detection=16;dex_date=2107-11-30 00:00:00,8083167,analyzed,16,2026-07-06
Plankton_090b5be26bcc4df6186124c2b47831eb96761fcf61282d63e13fa235a20c7539.apk,090b5be26bcc4df6186124c2b47831eb96761fcf61282d63e13fa235a20c7539,,Plankton,AndroZoo-Drebin,malware,family=Plankton,4434199,pending,,2026-07-25
DroidKungFu_bedf51a5732d94c173bcd8ed918333954f5a78307c2a2f064b97b43278330f54.apk,bedf51a5732d94c173bcd8ed918333954f5a78307c2a2f064b97b43278330f54,,DroidKungFu,AndroZoo-Drebin,malware,family=DroidKungFu,1017929,pending,,2026-07-25
Plankton_149bde78b32be3c4c25379dd6c3310ce08eaf58804067a9870cfe7b4f51e62fe.apk,149bde78b32be3c4c25379dd6c3310ce08eaf58804067a9870cfe7b4f51e62fe,,Plankton,AndroZoo-Drebin,malware,family=Plankton,774127,pending,,2026-07-25
GinMaster_dd11c105ec8bb3c851f5955fa53eebb91b7dc46bef4d919ee4b099e825c56325.apk,dd11c105ec8bb3c851f5955fa53eebb91b7dc46bef4d919ee4b099e825c56325,,GinMaster,AndroZoo-Drebin,malware,family=GinMaster,698931,pending,,2026-07-25
FakeDoc_6832234c4eae7a57be4f68271b7eecb056c4cd8352c67d2273d676208118871d.apk,6832234c4eae7a57be4f68271b7eecb056c4cd8352c67d2273d676208118871d,,FakeDoc,AndroZoo-Drebin,malware,family=FakeDoc,648486,pending,,2026-07-25
GinMaster_f39f20ec060481bd89cfbd44654077fcd6404d87a1286685570334bd430e2f18.apk,f39f20ec060481bd89cfbd44654077fcd6404d87a1286685570334bd430e2f18,,GinMaster,AndroZoo-Drebin,malware,family=GinMaster,1200901,pending,,2026-07-25
FakeInstaller_eb1bcca87ab55bd0fe0cf1ec27753fddcd35b6030633da559eee42977279b8db.apk,eb1bcca87ab55bd0fe0cf1ec27753fddcd35b6030633da559eee42977279b8db,,FakeInstaller,AndroZoo-Drebin,malware,family=FakeInstaller,46425,pending,,2026-07-25
Opfake_5010f34461e309ea1bc5539bb24fccc320576ce6d677a29604f5568c0a5e6315.apk,5010f34461e309ea1bc5539bb24fccc320576ce6d677a29604f5568c0a5e6315,,Opfake,AndroZoo-Drebin,malware,family=Opfake,11779,pending,,2026-07-25
FakeInstaller_f1c8b34879b04dc94f0a13d33c1e1272bdf9141e56e19da62c1a1b27af128604.apk,f1c8b34879b04dc94f0a13d33c1e1272bdf9141e56e19da62c1a1b27af128604,,FakeInstaller,AndroZoo-Drebin,malware,family=FakeInstaller,46153,pending,,2026-07-25
Opfake_4e355df8f0843afc4a7bfc294ee4b1db9e9b896269c754c2d57dcb647dcd3efb.apk,4e355df8f0843afc4a7bfc294ee4b1db9e9b896269c754c2d57dcb647dcd3efb,,Opfake,AndroZoo-Drebin,malware,family=Opfake,118212,pending,,2026-07-25
BaseBridge_ecf9c8520e13054bcc1b1a18cc335810f7eb97bdbe75fc204ad050228f805216.apk,ecf9c8520e13054bcc1b1a18cc335810f7eb97bdbe75fc204ad050228f805216,,BaseBridge,AndroZoo-Drebin,malware,family=BaseBridge,1479104,pending,,2026-07-25
Nisev_255eae7859b0855b15de30e5405a2714837ac556c238bc009ac74c5bfa69714a.apk,255eae7859b0855b15de30e5405a2714837ac556c238bc009ac74c5bfa69714a,,Nisev,AndroZoo-Drebin,malware,family=Nisev,13607,pending,,2026-07-25
BaseBridge_54f2a636e000c55bb725d7e552a22117837c1676fb4b96decd135ae10e6f7049.apk,54f2a636e000c55bb725d7e552a22117837c1676fb4b96decd135ae10e6f7049,,BaseBridge,AndroZoo-Drebin,malware,family=BaseBridge,4280175,pending,,2026-07-25
Opfake_73b2fd2dfb5860f0701b16002832987d5edcfe059df454d30548aa4fa45bebe6.apk,73b2fd2dfb5860f0701b16002832987d5edcfe059df454d30548aa4fa45bebe6,,Opfake,AndroZoo-Drebin,malware,family=Opfake,441315,pending,,2026-07-25
FakeInstaller_1035296bb576144475b684a9f703fc0220e8c0107a9e7e87c4bf76f72496b6c4.apk,1035296bb576144475b684a9f703fc0220e8c0107a9e7e87c4bf76f72496b6c4,,FakeInstaller,AndroZoo-Drebin,malware,family=FakeInstaller,190837,pending,,2026-07-25
Adrd_a022c24d8295dee70c0f090e4328063971170c33f7bf313b4debbc51d1a2b127.apk,a022c24d8295dee70c0f090e4328063971170c33f7bf313b4debbc51d1a2b127,,Adrd,AndroZoo-Drebin,malware,family=Adrd,648946,pending,,2026-07-25
Kmin_584efe8d1449e1d03b30e08a9abf916c510628ae6950da11e195a22653190d48.apk,584efe8d1449e1d03b30e08a9abf916c510628ae6950da11e195a22653190d48,,Kmin,AndroZoo-Drebin,malware,family=Kmin,1234475,pending,,2026-07-25
GinMaster_536a6084656a2d58e81a88ecfe0a0d050a4a5794f65cbc09170646c3e4c0dc0c.apk,536a6084656a2d58e81a88ecfe0a0d050a4a5794f65cbc09170646c3e4c0dc0c,,GinMaster,AndroZoo-Drebin,malware,family=GinMaster,1077835,pending,,2026-07-25
Adrd_5e82d73a3b2d4df192d674729f9578c4081d5096d5e3641bf8b233e1bee248d4.apk,5e82d73a3b2d4df192d674729f9578c4081d5096d5e3641bf8b233e1bee248d4,,Adrd,AndroZoo-Drebin,malware,family=Adrd,783418,pending,,2026-07-25
Kmin_c525bb9b2f30926c971e1ac68100871d2aa82bad87ee05a1fe2e6e83a1dce1fd.apk,c525bb9b2f30926c971e1ac68100871d2aa82bad87ee05a1fe2e6e83a1dce1fd,,Kmin,AndroZoo-Drebin,malware,family=Kmin,355722,pending,,2026-07-25
DroidDream_c699d9b9896d4842c16e418bdff5d7d18c99a102da111880fa455fc1a39bba5a.apk,c699d9b9896d4842c16e418bdff5d7d18c99a102da111880fa455fc1a39bba5a,,DroidDream,AndroZoo-Drebin,malware,family=DroidDream,154607,pending,,2026-07-25
FakeInstaller_0c5f6f74735692fce876d86c95d36c74df88eec9647853590ee8ec9b1fabfce1.apk,0c5f6f74735692fce876d86c95d36c74df88eec9647853590ee8ec9b1fabfce1,,FakeInstaller,AndroZoo-Drebin,malware,family=FakeInstaller,49214,pending,,2026-07-25
BaseBridge_47a4aff5aaac505f213fb058e22cb5fecd03791c3f60ff9529b9f9befcbc2012.apk,47a4aff5aaac505f213fb058e22cb5fecd03791c3f60ff9529b9f9befcbc2012,,BaseBridge,AndroZoo-Drebin,malware,family=BaseBridge,1567930,pending,,2026-07-25
Imlog_b439f642007bd707ac806ba3f71e7b2a022e261fbd9b5dd3882afd8664db98c4.apk,b439f642007bd707ac806ba3f71e7b2a022e261fbd9b5dd3882afd8664db98c4,,Imlog,AndroZoo-Drebin,malware,family=Imlog,105596,pending,,2026-07-25
Nandrobox_37c97fe776f0af6b21be6892124317461f75032f33944d933f1d046a90bd13be.apk,37c97fe776f0af6b21be6892124317461f75032f33944d933f1d046a90bd13be,,Nandrobox,AndroZoo-Drebin,malware,family=Nandrobox,1429020,pending,,2026-07-25
SmForw_74611134257de9e9f549d445d19d465afeb1af34399683ff04303a11ecf643fc.apk,74611134257de9e9f549d445d19d465afeb1af34399683ff04303a11ecf643fc,,SmForw,AndroZoo-Drebin,malware,family=SmForw,16356,pending,,2026-07-25
Plankton_3f76c482fdd58df5edd678e4730745e7cbafe298d0ebe0770ff962a3c2d6cf7f.apk,3f76c482fdd58df5edd678e4730745e7cbafe298d0ebe0770ff962a3c2d6cf7f,,Plankton,AndroZoo-Drebin,malware,family=Plankton,5487304,pending,,2026-07-25
FakeRun_6e9848008c42128623d1077f0cc75c0861e2b3d0fb76e68c5fc9ec8f69361572.apk,6e9848008c42128623d1077f0cc75c0861e2b3d0fb76e68c5fc9ec8f69361572,,FakeRun,AndroZoo-Drebin,malware,family=FakeRun,1166636,pending,,2026-07-25
Plankton_66ea10f2bc2445ad8ce43dca11ba2ea4968633c1ce21b5a2ac5f1c647db5ffcd.apk,66ea10f2bc2445ad8ce43dca11ba2ea4968633c1ce21b5a2ac5f1c647db5ffcd,,Plankton,AndroZoo-Drebin,malware,family=Plankton,2106384,pending,,2026-07-25
GinMaster_a1e9f466900002ef2efba2e1b95178421d28d64635b1c78791c3a6c8159c7be4.apk,a1e9f466900002ef2efba2e1b95178421d28d64635b1c78791c3a6c8159c7be4,,GinMaster,AndroZoo-Drebin,malware,family=GinMaster,250084,pending,,2026-07-25
FakeInstaller_8fdd17e520f7c2ac1924ef3806d85aadf3e969418578ff0b7ea245af93a16315.apk,8fdd17e520f7c2ac1924ef3806d85aadf3e969418578ff0b7ea245af93a16315,,FakeInstaller,AndroZoo-Drebin,malware,family=FakeInstaller,296083,pending,,2026-07-25
BaseBridge_0f021e137e7d3ef426d85f373f64ac53f1ee6c26efd2772cdc9ccb95ff09f9e4.apk,0f021e137e7d3ef426d85f373f64ac53f1ee6c26efd2772cdc9ccb95ff09f9e4,,BaseBridge,AndroZoo-Drebin,malware,family=BaseBridge,746051,pending,,2026-07-25
Iconosys_6acc850988883adc4a5129ea711f3f176815e4eb210ecc9f8db643d15ca9c8d9.apk,6acc850988883adc4a5129ea711f3f176815e4eb210ecc9f8db643d15ca9c8d9,,Iconosys,AndroZoo-Drebin,malware,family=Iconosys,1932425,pending,,2026-07-25
Stiniter_d4b3fa551ff6282287ea8d30b2860a55198f0a8c76cf20ea27bba95113628f69.apk,d4b3fa551ff6282287ea8d30b2860a55198f0a8c76cf20ea27bba95113628f69,,Stiniter,AndroZoo-Drebin,malware,family=Stiniter,275077,pending,,2026-07-25
Plankton_4fca2064417bf4c9e96131aaa59021a56f6d01c18d74d085cf01cb9e9c4e6e25.apk,4fca2064417bf4c9e96131aaa59021a56f6d01c18d74d085cf01cb9e9c4e6e25,,Plankton,AndroZoo-Drebin,malware,family=Plankton,12610961,pending,,2026-07-25
Opfake_315e29c580f1720dfc0f7ef7d48beeb3321f3bf343646e022420af119ad7a370.apk,315e29c580f1720dfc0f7ef7d48beeb3321f3bf343646e022420af119ad7a370,,Opfake,AndroZoo-Drebin,malware,family=Opfake,417415,pending,,2026-07-25
GinMaster_a3cd2d8dab7ced749a29307797a0dfefe238864b1f5bf6bafdf6e66c30c009b6.apk,a3cd2d8dab7ced749a29307797a0dfefe238864b1f5bf6bafdf6e66c30c009b6,,GinMaster,AndroZoo-Drebin,malware,family=GinMaster,422646,pending,,2026-07-25
Plankton_13055eb9348525e119e0012172f39727a870a420ee54ffe562ea42d6cb6724f4.apk,13055eb9348525e119e0012172f39727a870a420ee54ffe562ea42d6cb6724f4,,Plankton,AndroZoo-Drebin,malware,family=Plankton,1027007,pending,,2026-07-25
FakeInstaller_bcf129023a712e3ab8a8f6d67e74e7914550ffa8e718b0939b7d5238d8b69863.apk,bcf129023a712e3ab8a8f6d67e74e7914550ffa8e718b0939b7d5238d8b69863,,FakeInstaller,AndroZoo-Drebin,malware,family=FakeInstaller,554484,pending,,2026-07-25
Spitmo_beeeb3cafc0ea246cc6dd82d82489621414d6cab9ceb50e70fd9835f5733178c.apk,beeeb3cafc0ea246cc6dd82d82489621414d6cab9ceb50e70fd9835f5733178c,,Spitmo,AndroZoo-Drebin,malware,family=Spitmo,19023,pending,,2026-07-25
FakeInstaller_8731cb0a474a85085729d37a5bb21e2c9073f3d261e6b33374cd9233a85b1228.apk,8731cb0a474a85085729d37a5bb21e2c9073f3d261e6b33374cd9233a85b1228,,FakeInstaller,AndroZoo-Drebin,malware,family=FakeInstaller,46099,pending,,2026-07-25
FakeInstaller_ed1792c8271e5945b8a038247fe7cacd536739f950f6ebf6039aea6b7c8f6690.apk,ed1792c8271e5945b8a038247fe7cacd536739f950f6ebf6039aea6b7c8f6690,,FakeInstaller,AndroZoo-Drebin,malware,family=FakeInstaller,344822,pending,,2026-07-25
DroidKungFu_e7d07c08a826520ef71bd4a5bfb8c6bc7b907c4f94f18631208cf6037bd88f2d.apk,e7d07c08a826520ef71bd4a5bfb8c6bc7b907c4f94f18631208cf6037bd88f2d,,DroidKungFu,AndroZoo-Drebin,malware,family=DroidKungFu,625595,pending,,2026-07-25
Plankton_edf4b67aee4c8ca76fe8068abceb254df1fea59e49c06664c442e1a70a9c7c85.apk,edf4b67aee4c8ca76fe8068abceb254df1fea59e49c06664c442e1a70a9c7c85,,Plankton,AndroZoo-Drebin,malware,family=Plankton,1537909,pending,,2026-07-25
FakeTimer_0526cff3ebb1fbfa493cf982fcba85409ae692157b25f9046469576bf58e8c4d.apk,0526cff3ebb1fbfa493cf982fcba85409ae692157b25f9046469576bf58e8c4d,,FakeTimer,AndroZoo-Drebin,malware,family=FakeTimer,79459,pending,,2026-07-25
FakeInstaller_5f208d88f5cefaa967d5e9320f2875de3ca8fada870ab83c1fe20c01558f85b1.apk,5f208d88f5cefaa967d5e9320f2875de3ca8fada870ab83c1fe20c01558f85b1,,FakeInstaller,AndroZoo-Drebin,malware,family=FakeInstaller,2329183,pending,,2026-07-25
BaseBridge_5b6f0757e98303cf337d10b6f8c7378bdfd4de30dea624545207dd01a85b6c37.apk,5b6f0757e98303cf337d10b6f8c7378bdfd4de30dea624545207dd01a85b6c37,,BaseBridge,AndroZoo-Drebin,malware,family=BaseBridge,2395357,pending,,2026-07-25
Iconosys_9508ff9b7bdc06a220ba132eecf2d35bee47072ed9bff82fb24bc0e110ab1652.apk,9508ff9b7bdc06a220ba132eecf2d35bee47072ed9bff82fb24bc0e110ab1652,,Iconosys,AndroZoo-Drebin,malware,family=Iconosys,4188319,pending,,2026-07-25
Opfake_03385b42f9dffe697a883aac40042188e658145e8d67e0dab9d665501d7e02aa.apk,03385b42f9dffe697a883aac40042188e658145e8d67e0dab9d665501d7e02aa,,Opfake,AndroZoo-Drebin,malware,family=Opfake,11792,pending,,2026-07-25
Plankton_379f0932084641fd8839b2101428a5c856f4d9c54dc9aff4a5d58a0de9a12595.apk,379f0932084641fd8839b2101428a5c856f4d9c54dc9aff4a5d58a0de9a12595,,Plankton,AndroZoo-Drebin,malware,family=Plankton,2313211,pending,,2026-07-25
Kmin_025ab95fa2b88dabc0894d575ae0b961f1b22c2da2adf1569c35ba1a7e776970.apk,025ab95fa2b88dabc0894d575ae0b961f1b22c2da2adf1569c35ba1a7e776970,,Kmin,AndroZoo-Drebin,malware,family=Kmin,1224150,pending,,2026-07-25
DroidKungFu_ded693418a1c5368e377ac654e06a5bac04faff52ee0ef42a31eebcbf1cca2e0.apk,ded693418a1c5368e377ac654e06a5bac04faff52ee0ef42a31eebcbf1cca2e0,,DroidKungFu,AndroZoo-Drebin,malware,family=DroidKungFu,1094301,pending,,2026-07-25
Opfake_07e47fbf43c585155ddcdae49c3330c00ceceedf6c9f98432cf631769a21b206.apk,07e47fbf43c585155ddcdae49c3330c00ceceedf6c9f98432cf631769a21b206,,Opfake,AndroZoo-Drebin,malware,family=Opfake,437478,pending,,2026-07-25
Opfake_5606655728a5e64d3c2229deb831d087605a1362fd545dc5d7a93961bf1c7825.apk,5606655728a5e64d3c2229deb831d087605a1362fd545dc5d7a93961bf1c7825,,Opfake,AndroZoo-Drebin,malware,family=Opfake,56475,pending,,2026-07-25
Geinimi_3dfbecd41310db51f8aa31149d9e5619ed7799166f2e7a57b32c30d6633c82cb.apk,3dfbecd41310db51f8aa31149d9e5619ed7799166f2e7a57b32c30d6633c82cb,,Geinimi,AndroZoo-Drebin,malware,family=Geinimi,1158695,pending,,2026-07-25
FakeInstaller_00696116790f5c398de19e9184da0b32ac011bc30e9c18e14ca8ffd2c3dec7b8.apk,00696116790f5c398de19e9184da0b32ac011bc30e9c18e14ca8ffd2c3dec7b8,,FakeInstaller,AndroZoo-Drebin,malware,family=FakeInstaller,2228895,pending,,2026-07-25
FakeInstaller_ecfebfbbc574d926d4158b40472c6b088a48bf99eb69217218f6c76d912ff993.apk,ecfebfbbc574d926d4158b40472c6b088a48bf99eb69217218f6c76d912ff993,,FakeInstaller,AndroZoo-Drebin,malware,family=FakeInstaller,100556,pending,,2026-07-25
Hamob_d406875062926f8a66fec10b45ab924193faa7fd8a01667d4aacb41387c4185d.apk,d406875062926f8a66fec10b45ab924193faa7fd8a01667d4aacb41387c4185d,,Hamob,AndroZoo-Drebin,malware,family=Hamob,123076,pending,,2026-07-25
BaseBridge_6c1ed581a3843a9cbe7a864bff72cf2ad914733dc90fea105f66ab5c6e24b2c8.apk,6c1ed581a3843a9cbe7a864bff72cf2ad914733dc90fea105f66ab5c6e24b2c8,,BaseBridge,AndroZoo-Drebin,malware,family=BaseBridge,1816439,pending,,2026-07-25
SendPay_908ed30161b44d20bb4e286de7fb8203b2b8a2a807c6638ee9d9830de3a0f913.apk,908ed30161b44d20bb4e286de7fb8203b2b8a2a807c6638ee9d9830de3a0f913,,SendPay,AndroZoo-Drebin,malware,family=SendPay,1186219,pending,,2026-07-25
BaseBridge_e847ffd29dca357027e2fb59eeb5abbce395ea1c819113c3a4e07c5839a7bded.apk,e847ffd29dca357027e2fb59eeb5abbce395ea1c819113c3a4e07c5839a7bded,,BaseBridge,AndroZoo-Drebin,malware,family=BaseBridge,687933,pending,,2026-07-25
FakeRun_a945198c086ad3fe0c5dbbce5ef410ea12986c9c160295d76be881c5f8ae0880.apk,a945198c086ad3fe0c5dbbce5ef410ea12986c9c160295d76be881c5f8ae0880,,FakeRun,AndroZoo-Drebin,malware,family=FakeRun,2994085,pending,,2026-07-25
BaseBridge_877ab7dbbef2267a39513d1ad777b5c469f76f2a110be547100cb339d76a3f1f.apk,877ab7dbbef2267a39513d1ad777b5c469f76f2a110be547100cb339d76a3f1f,,BaseBridge,AndroZoo-Drebin,malware,family=BaseBridge,789851,pending,,2026-07-25
Typstu_33d27a5f6b07557021fc4c7959bef4c0e7ee79cc3991e7e213de976b60af1147.apk,33d27a5f6b07557021fc4c7959bef4c0e7ee79cc3991e7e213de976b60af1147,,Typstu,AndroZoo-Drebin,malware,family=Typstu,130272,pending,,2026-07-25
Lemon_ce312487b225fbd0ed8216bdc75058fd6032e60b74e8c0334e0d8d3c01e975c1.apk,ce312487b225fbd0ed8216bdc75058fd6032e60b74e8c0334e0d8d3c01e975c1,,Lemon,AndroZoo-Drebin,malware,family=Lemon,1550573,pending,,2026-07-25
MobileTx_36c25d77e5097eaec3b3b7fe879533d093e8cd40bce16aff601102838eb2a211.apk,36c25d77e5097eaec3b3b7fe879533d093e8cd40bce16aff601102838eb2a211,,MobileTx,AndroZoo-Drebin,malware,family=MobileTx,180224,pending,,2026-07-25
FakeInstaller_21ea92178eccae3f448345dcab84d98f21a6b32ea412265d858665973874b5df.apk,21ea92178eccae3f448345dcab84d98f21a6b32ea412265d858665973874b5df,,FakeInstaller,AndroZoo-Drebin,malware,family=FakeInstaller,51727,pending,,2026-07-25
Opfake_e09615bfdc10f44d5250edeb3a0d032f83177737a15352e9c1e552543f5f756d.apk,e09615bfdc10f44d5250edeb3a0d032f83177737a15352e9c1e552543f5f756d,,Opfake,AndroZoo-Drebin,malware,family=Opfake,236425,pending,,2026-07-25
FaceNiff_ddc10ee44c7b3320e0cc2f951043bc3289de25e95bad25f315b709d14155963f.apk,ddc10ee44c7b3320e0cc2f951043bc3289de25e95bad25f315b709d14155963f,,FaceNiff,AndroZoo-Drebin,malware,family=FaceNiff,294469,pending,,2026-07-25
DroidKungFu_e07e7771124f0c5a9a7342e072e27a9cbad6e5ab4bf7fb6b85fc8f4e4495e652.apk,e07e7771124f0c5a9a7342e072e27a9cbad6e5ab4bf7fb6b85fc8f4e4495e652,,DroidKungFu,AndroZoo-Drebin,malware,family=DroidKungFu,283157,pending,,2026-07-25
SendPay_a0bffc11168c65beb59c326d88f144f0d750634252a507ffe039c84e354e3704.apk,a0bffc11168c65beb59c326d88f144f0d750634252a507ffe039c84e354e3704,,SendPay,AndroZoo-Drebin,malware,family=SendPay,1196849,pending,,2026-07-25
DroidKungFu_f157946d3868fbe013ec23b14f1097bb727654b4f3926322f035e86e3f5f637e.apk,f157946d3868fbe013ec23b14f1097bb727654b4f3926322f035e86e3f5f637e,,DroidKungFu,AndroZoo-Drebin,malware,family=DroidKungFu,1017317,pending,,2026-07-25
FakeInstaller_e9cee469d3610df81d3c1890691c67027dd179337fb93a87164f95469006440a.apk,e9cee469d3610df81d3c1890691c67027dd179337fb93a87164f95469006440a,,FakeInstaller,AndroZoo-Drebin,malware,family=FakeInstaller,77041,pending,,2026-07-25
Opfake_022c88f2397b59ef6394db385163b1ed44c5a4b720f667ca3b91983b04f89433.apk,022c88f2397b59ef6394db385163b1ed44c5a4b720f667ca3b91983b04f89433,,Opfake,AndroZoo-Drebin,malware,family=Opfake,50395,pending,,2026-07-25
Plankton_75b06872276a85812c28398d125938fc420fa84774576ea8221592db612cb1b2.apk,75b06872276a85812c28398d125938fc420fa84774576ea8221592db612cb1b2,,Plankton,AndroZoo-Drebin,malware,family=Plankton,1374581,pending,,2026-07-25
SMSreg_45d2031af6420768aef7c0d4a0b08063939abe88c27e0344cf9c787f73eb8f3e.apk,45d2031af6420768aef7c0d4a0b08063939abe88c27e0344cf9c787f73eb8f3e,,SMSreg,AndroZoo-Drebin,malware,family=SMSreg,87986,pending,,2026-07-25
FakeInstaller_43f62b4cca7597f24772bf7edd005c3929b5e4d1bc821d5097a7d11ff02c0a93.apk,43f62b4cca7597f24772bf7edd005c3929b5e4d1bc821d5097a7d11ff02c0a93,,FakeInstaller,AndroZoo-Drebin,malware,family=FakeInstaller,63789,pending,,2026-07-25
Plankton_aa8127463312dac0158e74d56a3e3c2f50d9cf98c09942a27cf95081348874a3.apk,aa8127463312dac0158e74d56a3e3c2f50d9cf98c09942a27cf95081348874a3,,Plankton,AndroZoo-Drebin,malware,family=Plankton,12275755,pending,,2026-07-25
FakeInstaller_c8bb60d2a82e7f1991fb2ad3e5797cf53117e0d36f64e9ca49dd1682654ec735.apk,c8bb60d2a82e7f1991fb2ad3e5797cf53117e0d36f64e9ca49dd1682654ec735,,FakeInstaller,AndroZoo-Drebin,malware,family=FakeInstaller,63867,pending,,2026-07-25
DroidKungFu_562c92478e7cf5790e6bd8d706c51d9178ea1bd58537575f03edbbb427f54fc9.apk,562c92478e7cf5790e6bd8d706c51d9178ea1bd58537575f03edbbb427f54fc9,,DroidKungFu,AndroZoo-Drebin,malware,family=DroidKungFu,344177,pending,,2026-07-25
Opfake_d44d9cef26adf2c20c4bdb0d950e13507f8fad0bed8c10812d99e2463e563d66.apk,d44d9cef26adf2c20c4bdb0d950e13507f8fad0bed8c10812d99e2463e563d66,,Opfake,AndroZoo-Drebin,malware,family=Opfake,370188,pending,,2026-07-25
Dougalek_e9ef2d3002897f11e041e64863d47a4affbfdc5216f860fab51ae51447a5e23a.apk,e9ef2d3002897f11e041e64863d47a4affbfdc5216f860fab51ae51447a5e23a,,Dougalek,AndroZoo-Drebin,malware,family=Dougalek,18645,pending,,2026-07-25
FakeDoc_b0861e7d9dbcd63679ccef606b67ad0ef0283f4a7cb14efe14716fbad328cf5b.apk,b0861e7d9dbcd63679ccef606b67ad0ef0283f4a7cb14efe14716fbad328cf5b,,FakeDoc,AndroZoo-Drebin,malware,family=FakeDoc,699770,pending,,2026-07-25
Adsms_54ece852176437e02ce2400e48c5545d32a5d69adee4a66a337ba98c67aea94e.apk,54ece852176437e02ce2400e48c5545d32a5d69adee4a66a337ba98c67aea94e,,Adsms,AndroZoo-Drebin,malware,family=Adsms,36873,pending,,2026-07-25
FakeInstaller_412f959e050df1e74d732401f67210595b7db1c3dbd6e27c49fd1ee2bf8031b4.apk,412f959e050df1e74d732401f67210595b7db1c3dbd6e27c49fd1ee2bf8031b4,,FakeInstaller,AndroZoo-Drebin,malware,family=FakeInstaller,190605,pending,,2026-07-25
Plankton_1dd0ccbb47e46144a5e68afc619098730f561741618d89200ac9c06c460bf6e4.apk,1dd0ccbb47e46144a5e68afc619098730f561741618d89200ac9c06c460bf6e4,,Plankton,AndroZoo-Drebin,malware,family=Plankton,46497,pending,,2026-07-25
DroidKungFu_b8ed964e21a6f480dccb593f85854b835f0693472c5857d52af3efa5a4cc244b.apk,b8ed964e21a6f480dccb593f85854b835f0693472c5857d52af3efa5a4cc244b,,DroidKungFu,AndroZoo-Drebin,malware,family=DroidKungFu,1458021,pending,,2026-07-25
Kmin_a1ba273a24f92e4936005f0f7c5b895e07d974b11516bcad50d6077bf3a8f868.apk,a1ba273a24f92e4936005f0f7c5b895e07d974b11516bcad50d6077bf3a8f868,,Kmin,AndroZoo-Drebin,malware,family=Kmin,419187,pending,,2026-07-25
MobileTx_d8882d6a246da7bbdda1ae82c0328601c4dc6cf368e3c0227e6b19a9e1042374.apk,d8882d6a246da7bbdda1ae82c0328601c4dc6cf368e3c0227e6b19a9e1042374,,MobileTx,AndroZoo-Drebin,malware,family=MobileTx,135538,pending,,2026-07-25
Nickspy_238a4de3f693e8ae8506c72aab6838837a5fc92ae233c813404a1750204fa09d.apk,238a4de3f693e8ae8506c72aab6838837a5fc92ae233c813404a1750204fa09d,,Nickspy,AndroZoo-Drebin,malware,family=Nickspy,30842,pending,,2026-07-25
MobileTx_ea342fa78264a135f081e3c2be4c50b8f03c1a3b314910c89a42da98b98c7ebd.apk,ea342fa78264a135f081e3c2be4c50b8f03c1a3b314910c89a42da98b98c7ebd,,MobileTx,AndroZoo-Drebin,malware,family=MobileTx,180224,pending,,2026-07-25
Plankton_13792ea5da63cc800e9c1cb1944d2ed66dedc2a2dfa940dbcd8828aa47c8b6ea.apk,13792ea5da63cc800e9c1cb1944d2ed66dedc2a2dfa940dbcd8828aa47c8b6ea,,Plankton,AndroZoo-Drebin,malware,family=Plankton,5972107,pending,,2026-07-25
FakeInstaller_e73eb273f49908baedb2a79a07198d3f9e903b795c2594bbea5c8e2841e8729b.apk,e73eb273f49908baedb2a79a07198d3f9e903b795c2594bbea5c8e2841e8729b,,FakeInstaller,AndroZoo-Drebin,malware,family=FakeInstaller,455665,pending,,2026-07-25
GinMaster_a83a003b989c2dcd12fb0f80dfd458a099f33c1a1f052b2c53ece5f719063495.apk,a83a003b989c2dcd12fb0f80dfd458a099f33c1a1f052b2c53ece5f719063495,,GinMaster,AndroZoo-Drebin,malware,family=GinMaster,531414,pending,,2026-07-25
FakeInstaller_f924b3a2932b049fd76c38aec95bac1e4078ac1bebd306acb7d4f1b879916f77.apk,f924b3a2932b049fd76c38aec95bac1e4078ac1bebd306acb7d4f1b879916f77,,FakeInstaller,AndroZoo-Drebin,malware,family=FakeInstaller,190620,pending,,2026-07-25
Plankton_11172b2f0ccaa49ab486b313bb61cfb8900126b15541540acf42ad73cf096133.apk,11172b2f0ccaa49ab486b313bb61cfb8900126b15541540acf42ad73cf096133,,Plankton,AndroZoo-Drebin,malware,family=Plankton,519693,pending,,2026-07-25
SendPay_bfd3204c603ef403a2f9bcc172a368764b7b87e7d72e3dfd1d3dfb53f77215ad.apk,bfd3204c603ef403a2f9bcc172a368764b7b87e7d72e3dfd1d3dfb53f77215ad,,SendPay,AndroZoo-Drebin,malware,family=SendPay,2168072,pending,,2026-07-25
Plankton_0ca64e19e09d8af20a7a9269aca259da3406c5fd1c3627f92fb601af2c2d7d9a.apk,0ca64e19e09d8af20a7a9269aca259da3406c5fd1c3627f92fb601af2c2d7d9a,,Plankton,AndroZoo-Drebin,malware,family=Plankton,1471315,pending,,2026-07-25
Copycat_4dc2d4c59ca4e06b852ccbec728009a2a7a7e1e3f6cee65588d4d376b7f14a2d.apk,4dc2d4c59ca4e06b852ccbec728009a2a7a7e1e3f6cee65588d4d376b7f14a2d,,Copycat,AndroZoo-Drebin,malware,family=Copycat,16998332,pending,,2026-07-25
BaseBridge_65ac82b8d756a548760f16e1c8671197716f5b7b1bdfb72f1adce34e0aec4824.apk,65ac82b8d756a548760f16e1c8671197716f5b7b1bdfb72f1adce34e0aec4824,,BaseBridge,AndroZoo-Drebin,malware,family=BaseBridge,1896984,pending,,2026-07-25
Opfake_d98a9aac37efc24c8680c51ce925b4ef8472ddaf62e044dcf2cb7106e3e940b5.apk,d98a9aac37efc24c8680c51ce925b4ef8472ddaf62e044dcf2cb7106e3e940b5,,Opfake,AndroZoo-Drebin,malware,family=Opfake,57458,pending,,2026-07-25
Opfake_27adebb28c7871e192407c86a69b9b1ec6a1b8ecaf535d96f88f00bb54423b26.apk,27adebb28c7871e192407c86a69b9b1ec6a1b8ecaf535d96f88f00bb54423b26,,Opfake,AndroZoo-Drebin,malware,family=Opfake,684405,pending,,2026-07-25
Opfake_d846f593c4a63614d2810a10f14196a1da43b8bfdc60f6c781a63cf8fcfd632e.apk,d846f593c4a63614d2810a10f14196a1da43b8bfdc60f6c781a63cf8fcfd632e,,Opfake,AndroZoo-Drebin,malware,family=Opfake,98978,pending,,2026-07-25
GinMaster_d79cb0972064102afd1bfbabe9a39262bdc864b10f95e60c47e605d1d3f18562.apk,d79cb0972064102afd1bfbabe9a39262bdc864b10f95e60c47e605d1d3f18562,,GinMaster,AndroZoo-Drebin,malware,family=GinMaster,846789,pending,,2026-07-25
GinMaster_10c902a0bb9645ee71ae95528fe90580120e628db17dcdefe8bf7ad4b4bbfc01.apk,10c902a0bb9645ee71ae95528fe90580120e628db17dcdefe8bf7ad4b4bbfc01,,GinMaster,AndroZoo-Drebin,malware,family=GinMaster,3259001,pending,,2026-07-25
DroidKungFu_22670788ea0108e1e205f34e0a039f994bc94f19563b6f09784074b41f61cc53.apk,22670788ea0108e1e205f34e0a039f994bc94f19563b6f09784074b41f61cc53,,DroidKungFu,AndroZoo-Drebin,malware,family=DroidKungFu,2972420,pending,,2026-07-25
DroidKungFu_97b0f46920e69a0aa5abe2284fe1e7bf9d2efa7ecfb4a29a7ba9b8a92e92c0c9.apk,97b0f46920e69a0aa5abe2284fe1e7bf9d2efa7ecfb4a29a7ba9b8a92e92c0c9,,DroidKungFu,AndroZoo-Drebin,malware,family=DroidKungFu,349576,pending,,2026-07-25
FakeInstaller_6827b5683119738e2b75c6640e59ff6d4d51b50618f239f41f1bd86687de573e.apk,6827b5683119738e2b75c6640e59ff6d4d51b50618f239f41f1bd86687de573e,,FakeInstaller,AndroZoo-Drebin,malware,family=FakeInstaller,225712,pending,,2026-07-25
DroidKungFu_64ab7a8e612d8d60c1c4cc8ce1b4ace4aafcec7e1f5239894f2b214b094fa1b1.apk,64ab7a8e612d8d60c1c4cc8ce1b4ace4aafcec7e1f5239894f2b214b094fa1b1,,DroidKungFu,AndroZoo-Drebin,malware,family=DroidKungFu,850423,pending,,2026-07-25
DroidKungFu_85cafe005c7f893cae65fa0a5ebf1c103eca579529ebd5d531c672408acdb9d0.apk,85cafe005c7f893cae65fa0a5ebf1c103eca579529ebd5d531c672408acdb9d0,,DroidKungFu,AndroZoo-Drebin,malware,family=DroidKungFu,110483,pending,,2026-07-25
Nyleaker_d5624c7f869504a65986278f6b7921726aa08355d1f203beaee6e6a8869505f4.apk,d5624c7f869504a65986278f6b7921726aa08355d1f203beaee6e6a8869505f4,,Nyleaker,AndroZoo-Drebin,malware,family=Nyleaker,3050870,pending,,2026-07-25
GinMaster_844bd3f253433ee713fd1b0b8f09db675b3b257c3677723a57713a547c6de177.apk,844bd3f253433ee713fd1b0b8f09db675b3b257c3677723a57713a547c6de177,,GinMaster,AndroZoo-Drebin,malware,family=GinMaster,268351,pending,,2026-07-25
GinMaster_3c44fed6329931c17ffbbe8044b9181ab54cd9c5e9671c657e6f5a0882f5d59c.apk,3c44fed6329931c17ffbbe8044b9181ab54cd9c5e9671c657e6f5a0882f5d59c,,GinMaster,AndroZoo-Drebin,malware,family=GinMaster,1250230,pending,,2026-07-25
GinMaster_f0356bb27b8a1a1774dd7106fbe9a85802de8df1f0b3ad9d7c874ae6dc3d9242.apk,f0356bb27b8a1a1774dd7106fbe9a85802de8df1f0b3ad9d7c874ae6dc3d9242,,GinMaster,AndroZoo-Drebin,malware,family=GinMaster,700163,pending,,2026-07-25
SpyHasb_0c8890bd550dd21cc5b0feb9ad101984e194719b2656ac904b7aefb35765b15f.apk,0c8890bd550dd21cc5b0feb9ad101984e194719b2656ac904b7aefb35765b15f,,SpyHasb,AndroZoo-Drebin,malware,family=SpyHasb,120869,pending,,2026-07-25
Boxer_f9cad7c0218f34015aaf37f29a51832e1c23038ada5fc49064227d2dfb7f1e43.apk,f9cad7c0218f34015aaf37f29a51832e1c23038ada5fc49064227d2dfb7f1e43,,Boxer,AndroZoo-Drebin,malware,family=Boxer,807429,pending,,2026-07-25
FakeInstaller_352e2e2b57138099966a3a558f9eb3d6a88c27fa6d401f767b36e5cf3440f06a.apk,352e2e2b57138099966a3a558f9eb3d6a88c27fa6d401f767b36e5cf3440f06a,,FakeInstaller,AndroZoo-Drebin,malware,family=FakeInstaller,177707,pending,,2026-07-25
DroidKungFu_be4ada35dec3ef666681ddcf440be04f370067ee588734cabf630295742d1fd9.apk,be4ada35dec3ef666681ddcf440be04f370067ee588734cabf630295742d1fd9,,DroidKungFu,AndroZoo-Drebin,malware,family=DroidKungFu,918257,pending,,2026-07-25
FakeInstaller_6a01a9e0fc20d47835fd19d732af97fc4a2d68e1f735f4cdea7d4eeb03fcf582.apk,6a01a9e0fc20d47835fd19d732af97fc4a2d68e1f735f4cdea7d4eeb03fcf582,,FakeInstaller,AndroZoo-Drebin,malware,family=FakeInstaller,76854,pending,,2026-07-25
GinMaster_fa5d0c455f9891d9ac34bfd679fab34f235712bf3ff64be6887a9e5b017abd44.apk,fa5d0c455f9891d9ac34bfd679fab34f235712bf3ff64be6887a9e5b017abd44,,GinMaster,AndroZoo-Drebin,malware,family=GinMaster,7275024,pending,,2026-07-25
Plankton_328ff57e39148daf440359709e92989aad445f1b41b3f33135238a9343317d85.apk,328ff57e39148daf440359709e92989aad445f1b41b3f33135238a9343317d85,,Plankton,AndroZoo-Drebin,malware,family=Plankton,9446947,pending,,2026-07-25
FakeInstaller_e45caa25f87531cff2ee2803374ac78de0757941dd1311e3411ce4cdf6d5d942.apk,e45caa25f87531cff2ee2803374ac78de0757941dd1311e3411ce4cdf6d5d942,,FakeInstaller,AndroZoo-Drebin,malware,family=FakeInstaller,55991,pending,,2026-07-25
Plankton_63371a25c79264de99fb9f55dee9f893625b8f2b3e8ea97da43e60518aee8509.apk,63371a25c79264de99fb9f55dee9f893625b8f2b3e8ea97da43e60518aee8509,,Plankton,AndroZoo-Drebin,malware,family=Plankton,2954181,pending,,2026-07-25
FakeInstaller_ccb7b86f0563408816e3ceaedc0b79cf8d48977fcf77c389e4d0db9be8cd28f1.apk,ccb7b86f0563408816e3ceaedc0b79cf8d48977fcf77c389e4d0db9be8cd28f1,,FakeInstaller,AndroZoo-Drebin,malware,family=FakeInstaller,77017,pending,,2026-07-25
DroidKungFu_80ae30136ea55e936c66cd61cbf1de428d8d20d76fec06c1e4c0217472e6e089.apk,80ae30136ea55e936c66cd61cbf1de428d8d20d76fec06c1e4c0217472e6e089,,DroidKungFu,AndroZoo-Drebin,malware,family=DroidKungFu,384886,pending,,2026-07-25
Iconosys_10f2dcb4f070e9bf8182512e2c3de42d583aceecdcb606298e7e76175430e307.apk,10f2dcb4f070e9bf8182512e2c3de42d583aceecdcb606298e7e76175430e307,,Iconosys,AndroZoo-Drebin,malware,family=Iconosys,119075,pending,,2026-07-25
Plankton_48f7ecd18cadc12914b89e91336b9885131d4151a9ed1975f6456e7951633583.apk,48f7ecd18cadc12914b89e91336b9885131d4151a9ed1975f6456e7951633583,,Plankton,AndroZoo-Drebin,malware,family=Plankton,950775,pending,,2026-07-25
FakeInstaller_5e7116ea24dee71abac470b432a62c41e0fd680663162a486ab2b6fe25ccf367.apk,5e7116ea24dee71abac470b432a62c41e0fd680663162a486ab2b6fe25ccf367,,FakeInstaller,AndroZoo-Drebin,malware,family=FakeInstaller,46579,pending,,2026-07-25
Opfake_5030b673a6de2f1e1a83e3cb911fe053bdc38439d6a22ebad1c8a3a59d513205.apk,5030b673a6de2f1e1a83e3cb911fe053bdc38439d6a22ebad1c8a3a59d513205,,Opfake,AndroZoo-Drebin,malware,family=Opfake,618376,pending,,2026-07-25
FakeInstaller_f2305198a4789bc0f74afb7627bf998c2739d00d754eaff51aa2f538ab0329b4.apk,f2305198a4789bc0f74afb7627bf998c2739d00d754eaff51aa2f538ab0329b4,,FakeInstaller,AndroZoo-Drebin,malware,family=FakeInstaller,46390,pending,,2026-07-25
Penetho_8fdca3a8808a792abaabd8a49985555ae321357f6cc0326e6182fe50f55c6118.apk,8fdca3a8808a792abaabd8a49985555ae321357f6cc0326e6182fe50f55c6118,,Penetho,AndroZoo-Drebin,malware,family=Penetho,149798,pending,,2026-07-25
DroidKungFu_d7233e269b529198362c29b5f8a15f09e7e4e282c8e35eb68b45b57978f63dd2.apk,d7233e269b529198362c29b5f8a15f09e7e4e282c8e35eb68b45b57978f63dd2,,DroidKungFu,AndroZoo-Drebin,malware,family=DroidKungFu,420870,pending,,2026-07-25
Opfake_fd743672c95ad558086c799c249811c57463b4cd5b7d2c3610302d68fd6b5b7b.apk,fd743672c95ad558086c799c249811c57463b4cd5b7d2c3610302d68fd6b5b7b,,Opfake,AndroZoo-Drebin,malware,family=Opfake,172798,pending,,2026-07-25
Imlog_9a7534768302bdafa51f7abc698639eb23bb38a8c41a362f41b182ae9171969a.apk,9a7534768302bdafa51f7abc698639eb23bb38a8c41a362f41b182ae9171969a,,Imlog,AndroZoo-Drebin,malware,family=Imlog,566042,pending,,2026-07-25
Opfake_d2588ff4362c7532a31beea1acbe156cc8ff63fc571387c9954b09bfcd3ab2a2.apk,d2588ff4362c7532a31beea1acbe156cc8ff63fc571387c9954b09bfcd3ab2a2,,Opfake,AndroZoo-Drebin,malware,family=Opfake,1027697,pending,,2026-07-25
DroidKungFu_a023fa166051294fe5a569f26092588fdf24a060de46e5cd5be9a5c5bb3b0204.apk,a023fa166051294fe5a569f26092588fdf24a060de46e5cd5be9a5c5bb3b0204,,DroidKungFu,AndroZoo-Drebin,malware,family=DroidKungFu,568747,pending,,2026-07-25
Opfake_6725dfc3cb9b8f2103ebb129f0d4816ae836c15103229e8fda0151aa390d33ad.apk,6725dfc3cb9b8f2103ebb129f0d4816ae836c15103229e8fda0151aa390d33ad,,Opfake,AndroZoo-Drebin,malware,family=Opfake,447905,pending,,2026-07-25
Opfake_d76c3dc5540ab91a222420a7f6b8cee47ad47618b2b1f334f4053115c92696e6.apk,d76c3dc5540ab91a222420a7f6b8cee47ad47618b2b1f334f4053115c92696e6,,Opfake,AndroZoo-Drebin,malware,family=Opfake,122062,pending,,2026-07-25
Opfake_03a2c97e0ed693d31b8974b2383f2ccb2b3d5a6046042e242085c9817855b1cb.apk,03a2c97e0ed693d31b8974b2383f2ccb2b3d5a6046042e242085c9817855b1cb,,Opfake,AndroZoo-Drebin,malware,family=Opfake,85119,pending,,2026-07-25
SerBG_016ab069253276cbface350265f0a2d5f10f38e3c7888dcc976698216c2bdeea.apk,016ab069253276cbface350265f0a2d5f10f38e3c7888dcc976698216c2bdeea,,SerBG,AndroZoo-Drebin,malware,family=SerBG,342964,pending,,2026-07-25
BaseBridge_c2c1902b3021355c1619b281875da45fe8a3f0dc26f35c4129e44de3fc3ea810.apk,c2c1902b3021355c1619b281875da45fe8a3f0dc26f35c4129e44de3fc3ea810,,BaseBridge,AndroZoo-Drebin,malware,family=BaseBridge,1643316,pending,,2026-07-25
ExploitLinuxLotoor_6d8f8367ea6b2360cde4a53a450216adec54228d63840bf5471a746697399699.apk,6d8f8367ea6b2360cde4a53a450216adec54228d63840bf5471a746697399699,,ExploitLinuxLotoor,AndroZoo-Drebin,malware,family=ExploitLinuxLotoor,961104,pending,,2026-07-25
GinMaster_6a02832c97ad6c0f2ddb813acb52ef002ef616be2a7ded5a0a69b7dbdf2f7aff.apk,6a02832c97ad6c0f2ddb813acb52ef002ef616be2a7ded5a0a69b7dbdf2f7aff,,GinMaster,AndroZoo-Drebin,malware,family=GinMaster,1351366,pending,,2026-07-25
Imlog_849ed093a737a2ec02968f739510b45c60deb418afcc21ef76f1195820288297.apk,849ed093a737a2ec02968f739510b45c60deb418afcc21ef76f1195820288297,,Imlog,AndroZoo-Drebin,malware,family=Imlog,617903,pending,,2026-07-25
DroidKungFu_bc377ac35e40f0a9d233d5c985804c99396a45dc5dd45a2c8e134a458b05241c.apk,bc377ac35e40f0a9d233d5c985804c99396a45dc5dd45a2c8e134a458b05241c,,DroidKungFu,AndroZoo-Drebin,malware,family=DroidKungFu,3008907,pending,,2026-07-25
Zsone_1ff001f3ea8ef13d562b99b11cee7c1004abf7de486c38e9dddbaa2b64efd992.apk,1ff001f3ea8ef13d562b99b11cee7c1004abf7de486c38e9dddbaa2b64efd992,,Zsone,AndroZoo-Drebin,malware,family=Zsone,769449,pending,,2026-07-25
Imlog_326fc668fbf5dd4812b075fd963994e1378a0533637899eb07e639bcb9ecd733.apk,326fc668fbf5dd4812b075fd963994e1378a0533637899eb07e639bcb9ecd733,,Imlog,AndroZoo-Drebin,malware,family=Imlog,57809,pending,,2026-07-25
Opfake_0a394ec6d7c750349a54d4893b83df31072900e804ce4845dcae763348c2e187.apk,0a394ec6d7c750349a54d4893b83df31072900e804ce4845dcae763348c2e187,,Opfake,AndroZoo-Drebin,malware,family=Opfake,54002,pending,,2026-07-25
Opfake_a15419356485660f68b50027abc76a052d34427b45eebb23573294c21d834eaa.apk,a15419356485660f68b50027abc76a052d34427b45eebb23573294c21d834eaa,,Opfake,AndroZoo-Drebin,malware,family=Opfake,40397,pending,,2026-07-25
